This is pdfTeX, Version 3.141592653-2.6-1.40.28 (TeX Live 2025) (preloaded format=pdflatex 2025.12.5)  5 FEB 2026 00:45
entering extended mode
 restricted \write18 enabled.
 %&-line parsing enabled.
**CPP_Zero_to_Godhood.tex
(./CPP_Zero_to_Godhood.tex
LaTeX2e <2025-11-01>
L3 programming layer <2025-11-14>
(/Users/shreejitverma/Library/TinyTeX/texmf-dist/tex/latex/base/book.cls
Document Class: book 2025/01/22 v1.4n Standard LaTeX document class
(/Users/shreejitverma/Library/TinyTeX/texmf-dist/tex/latex/base/bk11.clo
File: bk11.clo 2025/01/22 v1.4n Standard LaTeX file (size option)
)
\c@part=\count275
\c@chapter=\count276
\c@section=\count277
\c@subsection=\count278
\c@subsubsection=\count279
\c@paragraph=\count280
\c@subparagraph=\count281
\c@figure=\count282
\c@table=\count283
\abovecaptionskip=\skip49
\belowcaptionskip=\skip50
\bibindent=\dimen148
) (/Users/shreejitverma/Library/TinyTeX/texmf-dist/tex/latex/base/inputenc.sty
Package: inputenc 2024/02/08 v1.3d Input encoding file
\inpenc@prehook=\toks17
\inpenc@posthook=\toks18
) (/Users/shreejitverma/Library/TinyTeX/texmf-dist/tex/latex/base/fontenc.sty
Package: fontenc 2025/07/18 v2.1d Standard LaTeX package
) (/Users/shreejitverma/Library/TinyTeX/texmf-dist/tex/latex/lm/lmodern.sty
Package: lmodern 2015/05/01 v1.6.1 Latin Modern Fonts
LaTeX Font Info:    Overwriting symbol font `operators' in version `normal'
(Font)                  OT1/cmr/m/n --> OT1/lmr/m/n on input line 22.
LaTeX Font Info:    Overwriting symbol font `letters' in version `normal'
(Font)                  OML/cmm/m/it --> OML/lmm/m/it on input line 23.
LaTeX Font Info:    Overwriting symbol font `symbols' in version `normal'
(Font)                  OMS/cmsy/m/n --> OMS/lmsy/m/n on input line 24.
LaTeX Font Info:    Overwriting symbol font `largesymbols' in version `normal'
(Font)                  OMX/cmex/m/n --> OMX/lmex/m/n on input line 25.
LaTeX Font Info:    Overwriting symbol font `operators' in version `bold'
(Font)                  OT1/cmr/bx/n --> OT1/lmr/bx/n on input line 26.
LaTeX Font Info:    Overwriting symbol font `letters' in version `bold'
(Font)                  OML/cmm/b/it --> OML/lmm/b/it on input line 27.
LaTeX Font Info:    Overwriting symbol font `symbols' in version `bold'
(Font)                  OMS/cmsy/b/n --> OMS/lmsy/b/n on input line 28.
LaTeX Font Info:    Overwriting symbol font `largesymbols' in version `bold'
(Font)                  OMX/cmex/m/n --> OMX/lmex/m/n on input line 29.
LaTeX Font Info:    Overwriting math alphabet `\mathbf' in version `normal'
(Font)                  OT1/cmr/bx/n --> OT1/lmr/bx/n on input line 31.
LaTeX Font Info:    Overwriting math alphabet `\mathsf' in version `normal'
(Font)                  OT1/cmss/m/n --> OT1/lmss/m/n on input line 32.
LaTeX Font Info:    Overwriting math alphabet `\mathit' in version `normal'
(Font)                  OT1/cmr/m/it --> OT1/lmr/m/it on input line 33.
LaTeX Font Info:    Overwriting math alphabet `\mathtt' in version `normal'
(Font)                  OT1/cmtt/m/n --> OT1/lmtt/m/n on input line 34.
LaTeX Font Info:    Overwriting math alphabet `\mathbf' in version `bold'
(Font)                  OT1/cmr/bx/n --> OT1/lmr/bx/n on input line 35.
LaTeX Font Info:    Overwriting math alphabet `\mathsf' in version `bold'
(Font)                  OT1/cmss/bx/n --> OT1/lmss/bx/n on input line 36.
LaTeX Font Info:    Overwriting math alphabet `\mathit' in version `bold'
(Font)                  OT1/cmr/bx/it --> OT1/lmr/bx/it on input line 37.
LaTeX Font Info:    Overwriting math alphabet `\mathtt' in version `bold'
(Font)                  OT1/cmtt/m/n --> OT1/lmtt/m/n on input line 38.
) (/Users/shreejitverma/Library/TinyTeX/texmf-dist/tex/latex/hyperref/hyperref.sty
Package: hyperref 2025-07-12 v7.01o Hypertext links for LaTeX
 (/Users/shreejitverma/Library/TinyTeX/texmf-dist/tex/generic/iftex/iftex.sty
Package: iftex 2024/12/12 v1.0g TeX engine tests
) (/Users/shreejitverma/Library/TinyTeX/texmf-dist/tex/latex/graphics/keyval.sty
Package: keyval 2022/05/29 v1.15 key=value parser (DPC)
\KV@toks@=\toks19
) (/Users/shreejitverma/Library/TinyTeX/texmf-dist/tex/latex/kvsetkeys/kvsetkeys.sty
Package: kvsetkeys 2022-10-05 v1.19 Key value parser (HO)
) (/Users/shreejitverma/Library/TinyTeX/texmf-dist/tex/generic/kvdefinekeys/kvdefinekeys.sty
Package: kvdefinekeys 2019-12-19 v1.6 Define keys (HO)
) (/Users/shreejitverma/Library/TinyTeX/texmf-dist/tex/generic/pdfescape/pdfescape.sty
Package: pdfescape 2019/12/09 v1.15 Implements pdfTeX's escape features (HO)
 (/Users/shreejitverma/Library/TinyTeX/texmf-dist/tex/generic/ltxcmds/ltxcmds.sty
Package: ltxcmds 2023-12-04 v1.26 LaTeX kernel commands for general use (HO)
) (/Users/shreejitverma/Library/TinyTeX/texmf-dist/tex/generic/pdftexcmds/pdftexcmds.sty
Package: pdftexcmds 2020-06-27 v0.33 Utility functions of pdfTeX for LuaTeX (HO)
 (/Users/shreejitverma/Library/TinyTeX/texmf-dist/tex/generic/infwarerr/infwarerr.sty
Package: infwarerr 2019/12/03 v1.5 Providing info/warning/error messages (HO)
)
Package pdftexcmds Info: \pdf@primitive is available.
Package pdftexcmds Info: \pdf@ifprimitive is available.
Package pdftexcmds Info: \pdfdraftmode found.
)) (/Users/shreejitverma/Library/TinyTeX/texmf-dist/tex/latex/hycolor/hycolor.sty
Package: hycolor 2020-01-27 v1.10 Color options for hyperref/bookmark (HO)
) (/Users/shreejitverma/Library/TinyTeX/texmf-dist/tex/latex/hyperref/nameref.sty
Package: nameref 2025-06-21 v2.57 Cross-referencing by name of section
 (/Users/shreejitverma/Library/TinyTeX/texmf-dist/tex/latex/refcount/refcount.sty
Package: refcount 2019/12/15 v3.6 Data extraction from label references (HO)
) (/Users/shreejitverma/Library/TinyTeX/texmf-dist/tex/generic/gettitlestring/gettitlestring.sty
Package: gettitlestring 2019/12/15 v1.6 Cleanup title references (HO)
 (/Users/shreejitverma/Library/TinyTeX/texmf-dist/tex/latex/kvoptions/kvoptions.sty
Package: kvoptions 2022-06-15 v3.15 Key value format for package options (HO)
))
\c@section@level=\count284
) (/Users/shreejitverma/Library/TinyTeX/texmf-dist/tex/latex/etoolbox/etoolbox.sty
Package: etoolbox 2025/10/02 v2.5m e-TeX tools for LaTeX (JAW)
\etb@tempcnta=\count285
) (/Users/shreejitverma/Library/TinyTeX/texmf-dist/tex/generic/stringenc/stringenc.sty
Package: stringenc 2019/11/29 v1.12 Convert strings between diff. encodings (HO)
)
\@linkdim=\dimen149
\Hy@linkcounter=\count286
\Hy@pagecounter=\count287
 (/Users/shreejitverma/Library/TinyTeX/texmf-dist/tex/latex/hyperref/pd1enc.def
File: pd1enc.def 2025-07-12 v7.01o Hyperref: PDFDocEncoding definition (HO)
Now handling font encoding PD1 ...
... no UTF-8 mapping file for font encoding PD1
) (/Users/shreejitverma/Library/TinyTeX/texmf-dist/tex/generic/intcalc/intcalc.sty
Package: intcalc 2019/12/15 v1.3 Expandable calculations with integers (HO)
)
\Hy@SavedSpaceFactor=\count288
 (/Users/shreejitverma/Library/TinyTeX/texmf-dist/tex/latex/hyperref/puenc.def
File: puenc.def 2025-07-12 v7.01o Hyperref: PDF Unicode definition (HO)
Now handling font encoding PU ...
... no UTF-8 mapping file for font encoding PU
)
Package hyperref Info: Hyper figures OFF on input line 4195.
Package hyperref Info: Link nesting OFF on input line 4200.
Package hyperref Info: Hyper index ON on input line 4203.
Package hyperref Info: Plain pages OFF on input line 4210.
Package hyperref Info: Backreferencing OFF on input line 4215.
Package hyperref Info: Implicit mode ON; LaTeX internals redefined.
Package hyperref Info: Bookmarks ON on input line 4462.
\c@Hy@tempcnt=\count289
 (/Users/shreejitverma/Library/TinyTeX/texmf-dist/tex/latex/url/url.sty
\Urlmuskip=\muskip17
Package: url 2013/09/16  ver 3.4  Verb mode for urls, etc.
)
LaTeX Info: Redefining \url on input line 4801.
\XeTeXLinkMargin=\dimen150
 (/Users/shreejitverma/Library/TinyTeX/texmf-dist/tex/generic/bitset/bitset.sty
Package: bitset 2019/12/09 v1.3 Handle bit-vector datatype (HO)
 (/Users/shreejitverma/Library/TinyTeX/texmf-dist/tex/generic/bigintcalc/bigintcalc.sty
Package: bigintcalc 2019/12/15 v1.5 Expandable calculations on big integers (HO)
))
\Fld@menulength=\count290
\Field@Width=\dimen151
\Fld@charsize=\dimen152
Package hyperref Info: Hyper figures OFF on input line 6078.
Package hyperref Info: Link nesting OFF on input line 6083.
Package hyperref Info: Hyper index ON on input line 6086.
Package hyperref Info: backreferencing OFF on input line 6093.
Package hyperref Info: Link coloring OFF on input line 6098.
Package hyperref Info: Link coloring with OCG OFF on input line 6103.
Package hyperref Info: PDF/A mode OFF on input line 6108.
\Hy@abspage=\count291
\c@Item=\count292
\c@Hfootnote=\count293
)
Package hyperref Info: Driver (autodetected): hpdftex.
 (/Users/shreejitverma/Library/TinyTeX/texmf-dist/tex/latex/hyperref/hpdftex.def
File: hpdftex.def 2025-07-12 v7.01o Hyperref driver for pdfTeX
\Fld@listcount=\count294
\c@bookmark@seq@number=\count295
 (/Users/shreejitverma/Library/TinyTeX/texmf-dist/tex/latex/rerunfilecheck/rerunfilecheck.sty
Package: rerunfilecheck 2025-06-21 v1.11 Rerun checks for auxiliary files (HO)
 (/Users/shreejitverma/Library/TinyTeX/texmf-dist/tex/generic/uniquecounter/uniquecounter.sty
Package: uniquecounter 2019/12/15 v1.4 Provide unlimited unique counter (HO)
)
Package uniquecounter Info: New unique counter `rerunfilecheck' on input line 284.
)
\Hy@SectionHShift=\skip51
) (/Users/shreejitverma/Library/TinyTeX/texmf-dist/tex/latex/listings/listings.sty
\lst@mode=\count296
\lst@gtempboxa=\box53
\lst@token=\toks20
\lst@length=\count297
\lst@currlwidth=\dimen153
\lst@column=\count298
\lst@pos=\count299
\lst@lostspace=\dimen154
\lst@width=\dimen155
\lst@newlines=\count300
\lst@lineno=\count301
\lst@maxwidth=\dimen156
 (/Users/shreejitverma/Library/TinyTeX/texmf-dist/tex/latex/listings/lstpatch.sty
File: lstpatch.sty 2025/11/14 1.11b (Carsten Heinz)
) (/Users/shreejitverma/Library/TinyTeX/texmf-dist/tex/latex/listings/lstmisc.sty
File: lstmisc.sty 2025/11/14 1.11b (Carsten Heinz)
\c@lstnumber=\count302
\lst@skipnumbers=\count303
\lst@framebox=\box54
) (/Users/shreejitverma/Library/TinyTeX/texmf-dist/tex/latex/listings/listings.cfg
File: listings.cfg 2025/11/14 1.11b listings configuration
))
Package: listings 2025/11/14 1.11b (Carsten Heinz)

==> First Aid for listings.sty no longer applied!
    Expected:
        2024/09/23 1.10c (Carsten Heinz)
    but found:
        2025/11/14 1.11b (Carsten Heinz)
    so I'm assuming it got fixed.
(/Users/shreejitverma/Library/TinyTeX/texmf-dist/tex/latex/xcolor/xcolor.sty
Package: xcolor 2024/09/29 v3.02 LaTeX color extensions (UK)
 (/Users/shreejitverma/Library/TinyTeX/texmf-dist/tex/latex/graphics-cfg/color.cfg
File: color.cfg 2016/01/02 v1.6 sample color configuration
)
Package xcolor Info: Driver file: pdftex.def on input line 274.
 (/Users/shreejitverma/Library/TinyTeX/texmf-dist/tex/latex/graphics-def/pdftex.def
File: pdftex.def 2025/09/29 v1.2d Graphics/color driver for pdftex
) (/Users/shreejitverma/Library/TinyTeX/texmf-dist/tex/latex/graphics/mathcolor.ltx)
Package xcolor Info: Model `cmy' substituted by `cmy0' on input line 1349.
Package xcolor Info: Model `hsb' substituted by `rgb' on input line 1353.
Package xcolor Info: Model `RGB' extended on input line 1365.
Package xcolor Info: Model `HTML' substituted by `rgb' on input line 1367.
Package xcolor Info: Model `Hsb' substituted by `hsb' on input line 1368.
Package xcolor Info: Model `tHsb' substituted by `hsb' on input line 1369.
Package xcolor Info: Model `HSB' substituted by `hsb' on input line 1370.
Package xcolor Info: Model `Gray' substituted by `gray' on input line 1371.
Package xcolor Info: Model `wave' substituted by `hsb' on input line 1372.
) (/Users/shreejitverma/Library/TinyTeX/texmf-dist/tex/latex/graphics/graphicx.sty
Package: graphicx 2024/12/31 v1.2e Enhanced LaTeX Graphics (DPC,SPQR)
 (/Users/shreejitverma/Library/TinyTeX/texmf-dist/tex/latex/graphics/graphics.sty
Package: graphics 2024/08/06 v1.4g Standard LaTeX Graphics (DPC,SPQR)
 (/Users/shreejitverma/Library/TinyTeX/texmf-dist/tex/latex/graphics/trig.sty
Package: trig 2023/12/02 v1.11 sin cos tan (DPC)
) (/Users/shreejitverma/Library/TinyTeX/texmf-dist/tex/latex/graphics-cfg/graphics.cfg
File: graphics.cfg 2016/06/04 v1.11 sample graphics configuration
)
Package graphics Info: Driver file: pdftex.def on input line 106.
)
\Gin@req@height=\dimen157
\Gin@req@width=\dimen158
) (/Users/shreejitverma/Library/TinyTeX/texmf-dist/tex/latex/geometry/geometry.sty
Package: geometry 2020/01/02 v5.9 Page Geometry
 (/Users/shreejitverma/Library/TinyTeX/texmf-dist/tex/generic/iftex/ifvtex.sty
Package: ifvtex 2019/10/25 v1.7 ifvtex legacy package. Use iftex instead.
)
\Gm@cnth=\count304
\Gm@cntv=\count305
\c@Gm@tempcnt=\count306
\Gm@bindingoffset=\dimen159
\Gm@wd@mp=\dimen160
\Gm@odd@mp=\dimen161
\Gm@even@mp=\dimen162
\Gm@layoutwidth=\dimen163
\Gm@layoutheight=\dimen164
\Gm@layouthoffset=\dimen165
\Gm@layoutvoffset=\dimen166
\Gm@dimlist=\toks21
) (/Users/shreejitverma/Library/TinyTeX/texmf-dist/tex/latex/tools/longtable.sty
Package: longtable 2025-10-13 v4.24 Multi-page Table package (DPC)
\LTleft=\skip52
\LTright=\skip53
\LTpre=\skip54
\LTpost=\skip55
\LTchunksize=\count307
\LTcapwidth=\dimen167
\LT@head=\box55
\LT@firsthead=\box56
\LT@foot=\box57
\LT@lastfoot=\box58
\LT@gbox=\box59
\LT@cols=\count308
\LT@rows=\count309
\c@LT@tables=\count310
\c@LT@chunks=\count311
\LT@p@ftn=\toks22
) (/Users/shreejitverma/Library/TinyTeX/texmf-dist/tex/latex/booktabs/booktabs.sty
Package: booktabs 2020/01/12 v1.61803398 Publication quality tables
\heavyrulewidth=\dimen168
\lightrulewidth=\dimen169
\cmidrulewidth=\dimen170
\belowrulesep=\dimen171
\belowbottomsep=\dimen172
\aboverulesep=\dimen173
\abovetopsep=\dimen174
\cmidrulesep=\dimen175
\cmidrulekern=\dimen176
\defaultaddspace=\dimen177
\@cmidla=\count312
\@cmidlb=\count313
\@aboverulesep=\dimen178
\@belowrulesep=\dimen179
\@thisruleclass=\count314
\@lastruleclass=\count315
\@thisrulewidth=\dimen180
) (/Users/shreejitverma/Library/TinyTeX/texmf-dist/tex/latex/amsfonts/amssymb.sty
Package: amssymb 2013/01/14 v3.01 AMS font symbols
 (/Users/shreejitverma/Library/TinyTeX/texmf-dist/tex/latex/amsfonts/amsfonts.sty
Package: amsfonts 2013/01/14 v3.01 Basic AMSFonts support
\@emptytoks=\toks23
\symAMSa=\mathgroup4
\symAMSb=\mathgroup5
LaTeX Font Info:    Redeclaring math symbol \hbar on input line 98.
LaTeX Font Info:    Overwriting math alphabet `\mathfrak' in version `bold'
(Font)                  U/euf/m/n --> U/euf/b/n on input line 106.
)) (/Users/shreejitverma/Library/TinyTeX/texmf-dist/tex/latex/fancyhdr/fancyhdr.sty
Package: fancyhdr 2025/02/07 v5.2 Extensive control of page headers and footers
\f@nch@headwidth=\skip56
\f@nch@offset@elh=\skip57
\f@nch@offset@erh=\skip58
\f@nch@offset@olh=\skip59
\f@nch@offset@orh=\skip60
\f@nch@offset@elf=\skip61
\f@nch@offset@erf=\skip62
\f@nch@offset@olf=\skip63
\f@nch@offset@orf=\skip64
\f@nch@height=\skip65
\f@nch@footalignment=\skip66
\f@nch@widthL=\skip67
\f@nch@widthC=\skip68
\f@nch@widthR=\skip69
\@temptokenb=\toks24
)
Package hyperref Info: Option `colorlinks' set `true' on input line 38.
LaTeX Font Info:    Trying to load font information for T1+lmr on input line 84.
 (/Users/shreejitverma/Library/TinyTeX/texmf-dist/tex/latex/lm/t1lmr.fd
File: t1lmr.fd 2015/05/01 v1.6.1 Font defs for Latin Modern
) (/Users/shreejitverma/Library/TinyTeX/texmf-dist/tex/latex/l3backend/l3backend-pdftex.def
File: l3backend-pdftex.def 2025-10-09 L3 backend support: PDF output (pdfTeX)
\l__color_backend_stack_int=\count316
) (./CPP_Zero_to_Godhood.aux

LaTeX Warning: Label `operations' multiply defined.


LaTeX Warning: Label `algorithms' multiply defined.


LaTeX Warning: Label `basics' multiply defined.


LaTeX Warning: Label `policy-based-design' multiply defined.


LaTeX Warning: Label `sorting' multiply defined.


LaTeX Warning: Label `binary-search-on-sorted-ranges' multiply defined.


LaTeX Warning: Label `concurrency' multiply defined.


LaTeX Warning: Label `sfinae-substitution-failure-is-not-an-error' multiply defined.

)
\openout1 = `CPP_Zero_to_Godhood.aux'.

LaTeX Font Info:    Checking defaults for OML/cmm/m/it on input line 84.
LaTeX Font Info:    ... okay on input line 84.
LaTeX Font Info:    Checking defaults for OMS/cmsy/m/n on input line 84.
LaTeX Font Info:    ... okay on input line 84.
LaTeX Font Info:    Checking defaults for OT1/cmr/m/n on input line 84.
LaTeX Font Info:    ... okay on input line 84.
LaTeX Font Info:    Checking defaults for T1/cmr/m/n on input line 84.
LaTeX Font Info:    ... okay on input line 84.
LaTeX Font Info:    Checking defaults for TS1/cmr/m/n on input line 84.
LaTeX Font Info:    ... okay on input line 84.
LaTeX Font Info:    Checking defaults for OMX/cmex/m/n on input line 84.
LaTeX Font Info:    ... okay on input line 84.
LaTeX Font Info:    Checking defaults for U/cmr/m/n on input line 84.
LaTeX Font Info:    ... okay on input line 84.
LaTeX Font Info:    Checking defaults for PD1/pdf/m/n on input line 84.
LaTeX Font Info:    ... okay on input line 84.
LaTeX Font Info:    Checking defaults for PU/pdf/m/n on input line 84.
LaTeX Font Info:    ... okay on input line 84.
Package hyperref Info: Link coloring ON on input line 84.
 (./CPP_Zero_to_Godhood.out) (./CPP_Zero_to_Godhood.out)
\@outlinefile=\write3
\openout3 = `CPP_Zero_to_Godhood.out'.

\c@lstlisting=\count317
 (/Users/shreejitverma/Library/TinyTeX/texmf-dist/tex/latex/epstopdf-pkg/epstopdf-base.sty
Package: epstopdf-base 2020-01-24 v2.11 Base part for package epstopdf
Package epstopdf-base Info: Redefining graphics rule for `.eps' on input line 485.
 (/Users/shreejitverma/Library/TinyTeX/texmf-dist/tex/latex/latexconfig/epstopdf-sys.cfg
File: epstopdf-sys.cfg 2010/07/13 v1.3 Configuration of (r)epstopdf for TeX Live
))
*geometry* driver: auto-detecting
*geometry* detected driver: pdftex
*geometry* verbose mode - [ preamble ] result:
* driver: pdftex
* paper: a4paper
* layout: <same size as paper>
* layoutoffset:(h,v)=(0.0pt,0.0pt)
* modes: twoside 
* h-part:(L,W,R)=(72.26999pt, 452.9679pt, 72.26999pt)
* v-part:(T,H,B)=(72.26999pt, 700.50687pt, 72.26999pt)
* \paperwidth=597.50787pt
* \paperheight=845.04684pt
* \textwidth=452.9679pt
* \textheight=700.50687pt
* \oddsidemargin=0.0pt
* \evensidemargin=0.0pt
* \topmargin=-31.8738pt
* \headheight=12.0pt
* \headsep=19.8738pt
* \topskip=11.0pt
* \footskip=27.46295pt
* \marginparwidth=106.0pt
* \marginparsep=7.0pt
* \columnsep=10.0pt
* \skip\footins=10.0pt plus 4.0pt minus 2.0pt
* \hoffset=0.0pt
* \voffset=0.0pt
* \mag=1000
* \@twocolumnfalse
* \@twosidetrue
* \@mparswitchtrue
* \@reversemarginfalse
* (1in=72.27pt=25.4mm, 1cm=28.453pt)

LaTeX Font Info:    Trying to load font information for OT1+lmr on input line 88.
(/Users/shreejitverma/Library/TinyTeX/texmf-dist/tex/latex/lm/ot1lmr.fd
File: ot1lmr.fd 2015/05/01 v1.6.1 Font defs for Latin Modern
)
LaTeX Font Info:    Trying to load font information for OML+lmm on input line 88.
 (/Users/shreejitverma/Library/TinyTeX/texmf-dist/tex/latex/lm/omllmm.fd
File: omllmm.fd 2015/05/01 v1.6.1 Font defs for Latin Modern
)
LaTeX Font Info:    Trying to load font information for OMS+lmsy on input line 88.
 (/Users/shreejitverma/Library/TinyTeX/texmf-dist/tex/latex/lm/omslmsy.fd
File: omslmsy.fd 2015/05/01 v1.6.1 Font defs for Latin Modern
)
LaTeX Font Info:    Trying to load font information for OMX+lmex on input line 88.
 (/Users/shreejitverma/Library/TinyTeX/texmf-dist/tex/latex/lm/omxlmex.fd
File: omxlmex.fd 2015/05/01 v1.6.1 Font defs for Latin Modern
)
LaTeX Font Info:    External font `lmex10' loaded for size
(Font)              <12> on input line 88.
LaTeX Font Info:    External font `lmex10' loaded for size
(Font)              <8> on input line 88.
LaTeX Font Info:    External font `lmex10' loaded for size
(Font)              <6> on input line 88.
LaTeX Font Info:    Trying to load font information for U+msa on input line 88.
 (/Users/shreejitverma/Library/TinyTeX/texmf-dist/tex/latex/amsfonts/umsa.fd
File: umsa.fd 2013/01/14 v3.01 AMS symbols A
)
LaTeX Font Info:    Trying to load font information for U+msb on input line 88.
 (/Users/shreejitverma/Library/TinyTeX/texmf-dist/tex/latex/amsfonts/umsb.fd
File: umsb.fd 2013/01/14 v3.01 AMS symbols B
) [1



{/Users/shreejitverma/Library/TinyTeX/texmf-var/fonts/map/pdftex/updmap/pdftex.map}{/Users/shreejitverma/Library/TinyTeX/texmf-dist/fonts/enc/dvips/lm/lm-ec.enc}] (./CPP_Zero_to_Godhood.toc
LaTeX Font Info:    External font `lmex10' loaded for size
(Font)              <10.95> on input line 3.
 [2

]

Package fancyhdr Warning: \headheight is too small (12.0pt): 
(fancyhdr)                Make it at least 13.59999pt, for example:
(fancyhdr)                \setlength{\headheight}{13.59999pt}.
(fancyhdr)                You might also make \topmargin smaller:
(fancyhdr)                \addtolength{\topmargin}{-1.59999pt}.

[3]
LaTeX Font Info:    Trying to load font information for T1+lmtt on input line 112.
 (/Users/shreejitverma/Library/TinyTeX/texmf-dist/tex/latex/lm/t1lmtt.fd
File: t1lmtt.fd 2015/05/01 v1.6.1 Font defs for Latin Modern
)

Package fancyhdr Warning: \headheight is too small (12.0pt): 
(fancyhdr)                Make it at least 13.59999pt, for example:
(fancyhdr)                \setlength{\headheight}{13.59999pt}.
(fancyhdr)                You might also make \topmargin smaller:
(fancyhdr)                \addtolength{\topmargin}{-1.59999pt}.

[4]

Package fancyhdr Warning: \headheight is too small (12.0pt): 
(fancyhdr)                Make it at least 13.59999pt, for example:
(fancyhdr)                \setlength{\headheight}{13.59999pt}.
(fancyhdr)                You might also make \topmargin smaller:
(fancyhdr)                \addtolength{\topmargin}{-1.59999pt}.

[5]

Package fancyhdr Warning: \headheight is too small (12.0pt): 
(fancyhdr)                Make it at least 13.59999pt, for example:
(fancyhdr)                \setlength{\headheight}{13.59999pt}.
(fancyhdr)                You might also make \topmargin smaller:
(fancyhdr)                \addtolength{\topmargin}{-1.59999pt}.

[6]
! Misplaced alignment tab character &.
<argument> ...1em}Volume III: C++14 - Refinement &
                                                   Generics}\Hy@toclinkend 
l.244 ...++14 - Refinement & Generics}{97}{part.3}
                                                  %
I can't figure out why you would want to use a tab mark
here. If you just want an ampersand, the remedy is
simple: Just type `I\&' now. But if some right brace
up above has ended a previous alignment prematurely,
you're probably due for more error messages, and you
might try typing `S' now just to see what is salvageable.


Package fancyhdr Warning: \headheight is too small (12.0pt): 
(fancyhdr)                Make it at least 13.59999pt, for example:
(fancyhdr)                \setlength{\headheight}{13.59999pt}.
(fancyhdr)                You might also make \topmargin smaller:
(fancyhdr)                \addtolength{\topmargin}{-1.59999pt}.

[7]
! Misplaced alignment tab character &.
<argument> ...}Volume IV: C++17 - Simplification &
                                                   Modernization}\Hy@toclink...
l.265 ...plification & Modernization}{104}{part.4}
                                                  %
I can't figure out why you would want to use a tab mark
here. If you just want an ampersand, the remedy is
simple: Just type `I\&' now. But if some right brace
up above has ended a previous alignment prematurely,
you're probably due for more error messages, and you
might try typing `S' now just to see what is salvageable.


Package fancyhdr Warning: \headheight is too small (12.0pt): 
(fancyhdr)                Make it at least 13.59999pt, for example:
(fancyhdr)                \setlength{\headheight}{13.59999pt}.
(fancyhdr)                You might also make \topmargin smaller:
(fancyhdr)                \addtolength{\topmargin}{-1.59999pt}.

[8]

Package fancyhdr Warning: \headheight is too small (12.0pt): 
(fancyhdr)                Make it at least 13.59999pt, for example:
(fancyhdr)                \setlength{\headheight}{13.59999pt}.
(fancyhdr)                You might also make \topmargin smaller:
(fancyhdr)                \addtolength{\topmargin}{-1.59999pt}.

[9]

Package fancyhdr Warning: \headheight is too small (12.0pt): 
(fancyhdr)                Make it at least 13.59999pt, for example:
(fancyhdr)                \setlength{\headheight}{13.59999pt}.
(fancyhdr)                You might also make \topmargin smaller:
(fancyhdr)                \addtolength{\topmargin}{-1.59999pt}.

[10]
! Misplaced alignment tab character &.
<argument> ...e {1em}Volume VII: Advanced Topics &
                                                   Systems Architecture}\Hy@...
l.394 ...pics & Systems Architecture}{146}{part.7}
                                                  %
I can't figure out why you would want to use a tab mark
here. If you just want an ampersand, the remedy is
simple: Just type `I\&' now. But if some right brace
up above has ended a previous alignment prematurely,
you're probably due for more error messages, and you
might try typing `S' now just to see what is salvageable.


Package fancyhdr Warning: \headheight is too small (12.0pt): 
(fancyhdr)                Make it at least 13.59999pt, for example:
(fancyhdr)                \setlength{\headheight}{13.59999pt}.
(fancyhdr)                You might also make \topmargin smaller:
(fancyhdr)                \addtolength{\topmargin}{-1.59999pt}.

[11]
! Misplaced alignment tab character &.
<argument> ...m}Volume VIII: Specialized Domains &
                                                   Expert Mastery}\Hy@toclin...
l.449 ...ed Domains & Expert Mastery}{164}{part.8}
                                                  %
I can't figure out why you would want to use a tab mark
here. If you just want an ampersand, the remedy is
simple: Just type `I\&' now. But if some right brace
up above has ended a previous alignment prematurely,
you're probably due for more error messages, and you
might try typing `S' now just to see what is salvageable.


Package fancyhdr Warning: \headheight is too small (12.0pt): 
(fancyhdr)                Make it at least 13.59999pt, for example:
(fancyhdr)                \setlength{\headheight}{13.59999pt}.
(fancyhdr)                You might also make \topmargin smaller:
(fancyhdr)                \addtolength{\topmargin}{-1.59999pt}.

[12]

Package fancyhdr Warning: \headheight is too small (12.0pt): 
(fancyhdr)                Make it at least 13.59999pt, for example:
(fancyhdr)                \setlength{\headheight}{13.59999pt}.
(fancyhdr)                You might also make \topmargin smaller:
(fancyhdr)                \addtolength{\topmargin}{-1.59999pt}.

[13]

Package fancyhdr Warning: \headheight is too small (12.0pt): 
(fancyhdr)                Make it at least 13.59999pt, for example:
(fancyhdr)                \setlength{\headheight}{13.59999pt}.
(fancyhdr)                You might also make \topmargin smaller:
(fancyhdr)                \addtolength{\topmargin}{-1.59999pt}.

[14])
\tf@toc=\write4
\openout4 = `CPP_Zero_to_Godhood.toc'.

 (./FrontMatter/00_Preface.tex

Package fancyhdr Warning: \headheight is too small (12.0pt): 
(fancyhdr)                Make it at least 13.59999pt, for example:
(fancyhdr)                \setlength{\headheight}{13.59999pt}.
(fancyhdr)                You might also make \topmargin smaller:
(fancyhdr)                \addtolength{\topmargin}{-1.59999pt}.

[15] [16

])

Package fancyhdr Warning: \headheight is too small (12.0pt): 
(fancyhdr)                Make it at least 25.2232pt, for example:
(fancyhdr)                \setlength{\headheight}{25.2232pt}.
(fancyhdr)                You might also make \topmargin smaller:
(fancyhdr)                \addtolength{\topmargin}{-13.2232pt}.

[17]

Package fancyhdr Warning: \headheight is too small (12.0pt): 
(fancyhdr)                Make it at least 13.59999pt, for example:
(fancyhdr)                \setlength{\headheight}{13.59999pt}.
(fancyhdr)                You might also make \topmargin smaller:
(fancyhdr)                \addtolength{\topmargin}{-1.59999pt}.

[18

] [1

] (./Volume_01_Foundation_C98_03/Chapter_01_Foundations_and_Compilation.tex
Chapter 1.
[2

]
Chapter 2.
(/Users/shreejitverma/Library/TinyTeX/texmf-dist/tex/latex/listings/lstlang1.sty
File: lstlang1.sty 2025/11/14 1.11b listings language file
) (/Users/shreejitverma/Library/TinyTeX/texmf-dist/tex/latex/listings/lstlang1.sty
File: lstlang1.sty 2025/11/14 1.11b listings language file
) (/Users/shreejitverma/Library/TinyTeX/texmf-dist/tex/latex/listings/lstmisc.sty
File: lstmisc.sty 2025/11/14 1.11b (Carsten Heinz)
) (/Users/shreejitverma/Library/TinyTeX/texmf-dist/tex/latex/listings/lstlang1.sty
File: lstlang1.sty 2025/11/14 1.11b listings language file
) (/Users/shreejitverma/Library/TinyTeX/texmf-dist/tex/latex/listings/lstlang1.sty
File: lstlang1.sty 2025/11/14 1.11b listings language file
) [3

]

Package fancyhdr Warning: \headheight is too small (12.0pt): 
(fancyhdr)                Make it at least 13.59999pt, for example:
(fancyhdr)                \setlength{\headheight}{13.59999pt}.
(fancyhdr)                You might also make \topmargin smaller:
(fancyhdr)                \addtolength{\topmargin}{-1.59999pt}.

[4]
LaTeX Font Info:    Trying to load font information for TS1+lmr on input line 154.
 (/Users/shreejitverma/Library/TinyTeX/texmf-dist/tex/latex/lm/ts1lmr.fd
File: ts1lmr.fd 2015/05/01 v1.6.1 Font defs for Latin Modern
)

Package fancyhdr Warning: \headheight is too small (12.0pt): 
(fancyhdr)                Make it at least 13.59999pt, for example:
(fancyhdr)                \setlength{\headheight}{13.59999pt}.
(fancyhdr)                You might also make \topmargin smaller:
(fancyhdr)                \addtolength{\topmargin}{-1.59999pt}.

[5{/Users/shreejitverma/Library/TinyTeX/texmf-dist/fonts/enc/dvips/lm/lm-ts1.enc}]

Package fancyhdr Warning: \headheight is too small (12.0pt): 
(fancyhdr)                Make it at least 13.59999pt, for example:
(fancyhdr)                \setlength{\headheight}{13.59999pt}.
(fancyhdr)                You might also make \topmargin smaller:
(fancyhdr)                \addtolength{\topmargin}{-1.59999pt}.

[6]

Package fancyhdr Warning: \headheight is too small (12.0pt): 
(fancyhdr)                Make it at least 13.59999pt, for example:
(fancyhdr)                \setlength{\headheight}{13.59999pt}.
(fancyhdr)                You might also make \topmargin smaller:
(fancyhdr)                \addtolength{\topmargin}{-1.59999pt}.

[7]

Package fancyhdr Warning: \headheight is too small (12.0pt): 
(fancyhdr)                Make it at least 13.59999pt, for example:
(fancyhdr)                \setlength{\headheight}{13.59999pt}.
(fancyhdr)                You might also make \topmargin smaller:
(fancyhdr)                \addtolength{\topmargin}{-1.59999pt}.

[8]

Package fancyhdr Warning: \headheight is too small (12.0pt): 
(fancyhdr)                Make it at least 13.59999pt, for example:
(fancyhdr)                \setlength{\headheight}{13.59999pt}.
(fancyhdr)                You might also make \topmargin smaller:
(fancyhdr)                \addtolength{\topmargin}{-1.59999pt}.

[9]

Package fancyhdr Warning: \headheight is too small (12.0pt): 
(fancyhdr)                Make it at least 13.59999pt, for example:
(fancyhdr)                \setlength{\headheight}{13.59999pt}.
(fancyhdr)                You might also make \topmargin smaller:
(fancyhdr)                \addtolength{\topmargin}{-1.59999pt}.

[10]

Package fancyhdr Warning: \headheight is too small (12.0pt): 
(fancyhdr)                Make it at least 13.59999pt, for example:
(fancyhdr)                \setlength{\headheight}{13.59999pt}.
(fancyhdr)                You might also make \topmargin smaller:
(fancyhdr)                \addtolength{\topmargin}{-1.59999pt}.

[11]

Package fancyhdr Warning: \headheight is too small (12.0pt): 
(fancyhdr)                Make it at least 13.59999pt, for example:
(fancyhdr)                \setlength{\headheight}{13.59999pt}.
(fancyhdr)                You might also make \topmargin smaller:
(fancyhdr)                \addtolength{\topmargin}{-1.59999pt}.

[12]
Chapter 3.

Package hyperref Warning: Difference (2) between bookmark levels is greater 
(hyperref)                than one, level fixed on input line 686.

[13

]

Package fancyhdr Warning: \headheight is too small (12.0pt): 
(fancyhdr)                Make it at least 13.59999pt, for example:
(fancyhdr)                \setlength{\headheight}{13.59999pt}.
(fancyhdr)                You might also make \topmargin smaller:
(fancyhdr)                \addtolength{\topmargin}{-1.59999pt}.

[14]
LaTeX Font Info:    Font shape `T1/lmtt/bx/n' in size <10.95> not available
(Font)              Font shape `T1/lmtt/b/n' tried instead on input line 957.
LaTeX Font Info:    Font shape `T1/lmtt/bx/n' in size <9> not available
(Font)              Font shape `T1/lmtt/b/n' tried instead on input line 957.


Package fancyhdr Warning: \headheight is too small (12.0pt): 
(fancyhdr)                Make it at least 13.59999pt, for example:
(fancyhdr)                \setlength{\headheight}{13.59999pt}.
(fancyhdr)                You might also make \topmargin smaller:
(fancyhdr)                \addtolength{\topmargin}{-1.59999pt}.

[15]) (./Volume_01_Foundation_C98_03/Chapter_02_Memory_Types_and_Pointers.tex

Package fancyhdr Warning: \headheight is too small (12.0pt): 
(fancyhdr)                Make it at least 13.59999pt, for example:
(fancyhdr)                \setlength{\headheight}{13.59999pt}.
(fancyhdr)                You might also make \topmargin smaller:
(fancyhdr)                \addtolength{\topmargin}{-1.59999pt}.

[16]
Chapter 4.
[17

]
Chapter 5.
[18

]

Package fancyhdr Warning: \headheight is too small (12.0pt): 
(fancyhdr)                Make it at least 13.59999pt, for example:
(fancyhdr)                \setlength{\headheight}{13.59999pt}.
(fancyhdr)                You might also make \topmargin smaller:
(fancyhdr)                \addtolength{\topmargin}{-1.59999pt}.

[19]

Package fancyhdr Warning: \headheight is too small (12.0pt): 
(fancyhdr)                Make it at least 13.59999pt, for example:
(fancyhdr)                \setlength{\headheight}{13.59999pt}.
(fancyhdr)                You might also make \topmargin smaller:
(fancyhdr)                \addtolength{\topmargin}{-1.59999pt}.

[20]
Chapter 6.
[21

]

Package fancyhdr Warning: \headheight is too small (12.0pt): 
(fancyhdr)                Make it at least 13.59999pt, for example:
(fancyhdr)                \setlength{\headheight}{13.59999pt}.
(fancyhdr)                You might also make \topmargin smaller:
(fancyhdr)                \addtolength{\topmargin}{-1.59999pt}.

[22]
Chapter 7.
[23

]

Package fancyhdr Warning: \headheight is too small (12.0pt): 
(fancyhdr)                Make it at least 13.59999pt, for example:
(fancyhdr)                \setlength{\headheight}{13.59999pt}.
(fancyhdr)                You might also make \topmargin smaller:
(fancyhdr)                \addtolength{\topmargin}{-1.59999pt}.

[24]
Chapter 8.
[25

]

Package fancyhdr Warning: \headheight is too small (12.0pt): 
(fancyhdr)                Make it at least 13.59999pt, for example:
(fancyhdr)                \setlength{\headheight}{13.59999pt}.
(fancyhdr)                You might also make \topmargin smaller:
(fancyhdr)                \addtolength{\topmargin}{-1.59999pt}.

[26]
Chapter 9.
[27

]

Package fancyhdr Warning: \headheight is too small (12.0pt): 
(fancyhdr)                Make it at least 13.59999pt, for example:
(fancyhdr)                \setlength{\headheight}{13.59999pt}.
(fancyhdr)                You might also make \topmargin smaller:
(fancyhdr)                \addtolength{\topmargin}{-1.59999pt}.

[28]
Chapter 10.
[29

]) (./Volume_01_Foundation_C98_03/Chapter_03_Control_Flow_and_Preprocessor.tex

Package fancyhdr Warning: \headheight is too small (12.0pt): 
(fancyhdr)                Make it at least 13.59999pt, for example:
(fancyhdr)                \setlength{\headheight}{13.59999pt}.
(fancyhdr)                You might also make \topmargin smaller:
(fancyhdr)                \addtolength{\topmargin}{-1.59999pt}.

[30]
Chapter 11.
[31

]
Chapter 12.
[32

]

Package fancyhdr Warning: \headheight is too small (12.0pt): 
(fancyhdr)                Make it at least 13.59999pt, for example:
(fancyhdr)                \setlength{\headheight}{13.59999pt}.
(fancyhdr)                You might also make \topmargin smaller:
(fancyhdr)                \addtolength{\topmargin}{-1.59999pt}.

[33]
Chapter 13.
[34

]

Package fancyhdr Warning: \headheight is too small (12.0pt): 
(fancyhdr)                Make it at least 13.59999pt, for example:
(fancyhdr)                \setlength{\headheight}{13.59999pt}.
(fancyhdr)                You might also make \topmargin smaller:
(fancyhdr)                \addtolength{\topmargin}{-1.59999pt}.

[35]
Chapter 14.
) (./Volume_01_Foundation_C98_03/Chapter_04_Advanced_Functions_and_Callbacks.tex [36

]
Chapter 15.
[37

]
Chapter 16.
[38

]

Package fancyhdr Warning: \headheight is too small (12.0pt): 
(fancyhdr)                Make it at least 13.59999pt, for example:
(fancyhdr)                \setlength{\headheight}{13.59999pt}.
(fancyhdr)                You might also make \topmargin smaller:
(fancyhdr)                \addtolength{\topmargin}{-1.59999pt}.

[39]

Package fancyhdr Warning: \headheight is too small (12.0pt): 
(fancyhdr)                Make it at least 13.59999pt, for example:
(fancyhdr)                \setlength{\headheight}{13.59999pt}.
(fancyhdr)                You might also make \topmargin smaller:
(fancyhdr)                \addtolength{\topmargin}{-1.59999pt}.

[40]
Chapter 17.
[41

]) (./Volume_01_Foundation_C98_03/Chapter_05_OOP_and_Encapsulation.tex

Package fancyhdr Warning: \headheight is too small (12.0pt): 
(fancyhdr)                Make it at least 13.59999pt, for example:
(fancyhdr)                \setlength{\headheight}{13.59999pt}.
(fancyhdr)                You might also make \topmargin smaller:
(fancyhdr)                \addtolength{\topmargin}{-1.59999pt}.

[42]
Chapter 18.
[43

]
Chapter 19.
[44

]

Package fancyhdr Warning: \headheight is too small (12.0pt): 
(fancyhdr)                Make it at least 13.59999pt, for example:
(fancyhdr)                \setlength{\headheight}{13.59999pt}.
(fancyhdr)                You might also make \topmargin smaller:
(fancyhdr)                \addtolength{\topmargin}{-1.59999pt}.

[45]

Package fancyhdr Warning: \headheight is too small (12.0pt): 
(fancyhdr)                Make it at least 13.59999pt, for example:
(fancyhdr)                \setlength{\headheight}{13.59999pt}.
(fancyhdr)                You might also make \topmargin smaller:
(fancyhdr)                \addtolength{\topmargin}{-1.59999pt}.

[46]

Package fancyhdr Warning: \headheight is too small (12.0pt): 
(fancyhdr)                Make it at least 13.59999pt, for example:
(fancyhdr)                \setlength{\headheight}{13.59999pt}.
(fancyhdr)                You might also make \topmargin smaller:
(fancyhdr)                \addtolength{\topmargin}{-1.59999pt}.

[47]

Package fancyhdr Warning: \headheight is too small (12.0pt): 
(fancyhdr)                Make it at least 13.59999pt, for example:
(fancyhdr)                \setlength{\headheight}{13.59999pt}.
(fancyhdr)                You might also make \topmargin smaller:
(fancyhdr)                \addtolength{\topmargin}{-1.59999pt}.

[48]
LaTeX Font Info:    Font shape `T1/lmtt/bx/n' in size <12> not available
(Font)              Font shape `T1/lmtt/b/n' tried instead on input line 399.


Package fancyhdr Warning: \headheight is too small (12.0pt): 
(fancyhdr)                Make it at least 13.59999pt, for example:
(fancyhdr)                \setlength{\headheight}{13.59999pt}.
(fancyhdr)                You might also make \topmargin smaller:
(fancyhdr)                \addtolength{\topmargin}{-1.59999pt}.

[49]

Package fancyhdr Warning: \headheight is too small (12.0pt): 
(fancyhdr)                Make it at least 13.59999pt, for example:
(fancyhdr)                \setlength{\headheight}{13.59999pt}.
(fancyhdr)                You might also make \topmargin smaller:
(fancyhdr)                \addtolength{\topmargin}{-1.59999pt}.

[50]) (./Volume_01_Foundation_C98_03/Chapter_06_Polymorphism_and_Virtualization.tex

Package fancyhdr Warning: \headheight is too small (12.0pt): 
(fancyhdr)                Make it at least 13.59999pt, for example:
(fancyhdr)                \setlength{\headheight}{13.59999pt}.
(fancyhdr)                You might also make \topmargin smaller:
(fancyhdr)                \addtolength{\topmargin}{-1.59999pt}.

[51]
Chapter 20.
[52

]
Chapter 21.

Package hyperref Warning: Difference (2) between bookmark levels is greater 
(hyperref)                than one, level fixed on input line 15.

[53

]) (./Volume_01_Foundation_C98_03/Chapter_07_Standard_Template_Library_Core.tex

Package fancyhdr Warning: \headheight is too small (12.0pt): 
(fancyhdr)                Make it at least 13.59999pt, for example:
(fancyhdr)                \setlength{\headheight}{13.59999pt}.
(fancyhdr)                You might also make \topmargin smaller:
(fancyhdr)                \addtolength{\topmargin}{-1.59999pt}.

[54{/Users/shreejitverma/Library/TinyTeX/texmf-dist/fonts/enc/dvips/lm/lm-mathit.enc}]
Chapter 22.
[55

]
Chapter 23.

Underfull \hbox (badness 10000) in alignment at lines 72--76
[] [] [] [] [] [] []
 []


Underfull \hbox (badness 10000) in alignment at lines 76--96
[] [] [] [] [] [] []
 []

[56

]

Package fancyhdr Warning: \headheight is too small (12.0pt): 
(fancyhdr)                Make it at least 13.59999pt, for example:
(fancyhdr)                \setlength{\headheight}{13.59999pt}.
(fancyhdr)                You might also make \topmargin smaller:
(fancyhdr)                \addtolength{\topmargin}{-1.59999pt}.

[57]

Package fancyhdr Warning: \headheight is too small (12.0pt): 
(fancyhdr)                Make it at least 13.59999pt, for example:
(fancyhdr)                \setlength{\headheight}{13.59999pt}.
(fancyhdr)                You might also make \topmargin smaller:
(fancyhdr)                \addtolength{\topmargin}{-1.59999pt}.

[58]

Package fancyhdr Warning: \headheight is too small (12.0pt): 
(fancyhdr)                Make it at least 13.59999pt, for example:
(fancyhdr)                \setlength{\headheight}{13.59999pt}.
(fancyhdr)                You might also make \topmargin smaller:
(fancyhdr)                \addtolength{\topmargin}{-1.59999pt}.

[59]

Package fancyhdr Warning: \headheight is too small (12.0pt): 
(fancyhdr)                Make it at least 13.59999pt, for example:
(fancyhdr)                \setlength{\headheight}{13.59999pt}.
(fancyhdr)                You might also make \topmargin smaller:
(fancyhdr)                \addtolength{\topmargin}{-1.59999pt}.

[60]

Package fancyhdr Warning: \headheight is too small (12.0pt): 
(fancyhdr)                Make it at least 13.59999pt, for example:
(fancyhdr)                \setlength{\headheight}{13.59999pt}.
(fancyhdr)                You might also make \topmargin smaller:
(fancyhdr)                \addtolength{\topmargin}{-1.59999pt}.

[61]

Package fancyhdr Warning: \headheight is too small (12.0pt): 
(fancyhdr)                Make it at least 13.59999pt, for example:
(fancyhdr)                \setlength{\headheight}{13.59999pt}.
(fancyhdr)                You might also make \topmargin smaller:
(fancyhdr)                \addtolength{\topmargin}{-1.59999pt}.

[62]

Package fancyhdr Warning: \headheight is too small (12.0pt): 
(fancyhdr)                Make it at least 13.59999pt, for example:
(fancyhdr)                \setlength{\headheight}{13.59999pt}.
(fancyhdr)                You might also make \topmargin smaller:
(fancyhdr)                \addtolength{\topmargin}{-1.59999pt}.

[63]

Package fancyhdr Warning: \headheight is too small (12.0pt): 
(fancyhdr)                Make it at least 13.59999pt, for example:
(fancyhdr)                \setlength{\headheight}{13.59999pt}.
(fancyhdr)                You might also make \topmargin smaller:
(fancyhdr)                \addtolength{\topmargin}{-1.59999pt}.

[64]

Package fancyhdr Warning: \headheight is too small (12.0pt): 
(fancyhdr)                Make it at least 13.59999pt, for example:
(fancyhdr)                \setlength{\headheight}{13.59999pt}.
(fancyhdr)                You might also make \topmargin smaller:
(fancyhdr)                \addtolength{\topmargin}{-1.59999pt}.

[65]
Chapter 24.
[66

]

Package fancyhdr Warning: \headheight is too small (12.0pt): 
(fancyhdr)                Make it at least 13.59999pt, for example:
(fancyhdr)                \setlength{\headheight}{13.59999pt}.
(fancyhdr)                You might also make \topmargin smaller:
(fancyhdr)                \addtolength{\topmargin}{-1.59999pt}.

[67]

Package fancyhdr Warning: \headheight is too small (12.0pt): 
(fancyhdr)                Make it at least 13.59999pt, for example:
(fancyhdr)                \setlength{\headheight}{13.59999pt}.
(fancyhdr)                You might also make \topmargin smaller:
(fancyhdr)                \addtolength{\topmargin}{-1.59999pt}.

[68]
Chapter 25.
[69

]) (./Volume_01_Foundation_C98_03/Chapter_08_STL_Under_the_Hood.tex

Package fancyhdr Warning: \headheight is too small (12.0pt): 
(fancyhdr)                Make it at least 13.59999pt, for example:
(fancyhdr)                \setlength{\headheight}{13.59999pt}.
(fancyhdr)                You might also make \topmargin smaller:
(fancyhdr)                \addtolength{\topmargin}{-1.59999pt}.

[70]
Chapter 26.
[71

]
Chapter 27.

Package hyperref Warning: Difference (2) between bookmark levels is greater 
(hyperref)                than one, level fixed on input line 12.

[72

]
Underfull \hbox (badness 10000) in alignment at lines 154--158
[] [] []
 []


Underfull \hbox (badness 10000) in alignment at lines 158--166
[] [] []
 []

) (./Volume_01_Foundation_C98_03/Chapter_09_Error_Handling_and_Robustness.tex

Package fancyhdr Warning: \headheight is too small (12.0pt): 
(fancyhdr)                Make it at least 13.59999pt, for example:
(fancyhdr)                \setlength{\headheight}{13.59999pt}.
(fancyhdr)                You might also make \topmargin smaller:
(fancyhdr)                \addtolength{\topmargin}{-1.59999pt}.

[73]
Chapter 28.
[74

]
Chapter 29.
[75

]

Package fancyhdr Warning: \headheight is too small (12.0pt): 
(fancyhdr)                Make it at least 13.59999pt, for example:
(fancyhdr)                \setlength{\headheight}{13.59999pt}.
(fancyhdr)                You might also make \topmargin smaller:
(fancyhdr)                \addtolength{\topmargin}{-1.59999pt}.

[76])

Package fancyhdr Warning: \headheight is too small (12.0pt): 
(fancyhdr)                Make it at least 13.59999pt, for example:
(fancyhdr)                \setlength{\headheight}{13.59999pt}.
(fancyhdr)                You might also make \topmargin smaller:
(fancyhdr)                \addtolength{\topmargin}{-1.59999pt}.

[77] [78

] (./Volume_02_Modern_Revolution_C11/Chapter_10_The_Modern_C11_Core.tex
Chapter 30.
[79

]

Package fancyhdr Warning: \headheight is too small (12.0pt): 
(fancyhdr)                Make it at least 13.59999pt, for example:
(fancyhdr)                \setlength{\headheight}{13.59999pt}.
(fancyhdr)                You might also make \topmargin smaller:
(fancyhdr)                \addtolength{\topmargin}{-1.59999pt}.

[80]
LaTeX Font Info:    Font shape `T1/lmtt/bx/n' in size <14.4> not available
(Font)              Font shape `T1/lmtt/b/n' tried instead on input line 226.


Package fancyhdr Warning: \headheight is too small (12.0pt): 
(fancyhdr)                Make it at least 13.59999pt, for example:
(fancyhdr)                \setlength{\headheight}{13.59999pt}.
(fancyhdr)                You might also make \topmargin smaller:
(fancyhdr)                \addtolength{\topmargin}{-1.59999pt}.

[81]) (./Volume_02_Modern_Revolution_C11/Chapter_11_Move_Semantics_and_Smart_Pointers.tex

Package fancyhdr Warning: \headheight is too small (12.0pt): 
(fancyhdr)                Make it at least 13.59999pt, for example:
(fancyhdr)                \setlength{\headheight}{13.59999pt}.
(fancyhdr)                You might also make \topmargin smaller:
(fancyhdr)                \addtolength{\topmargin}{-1.59999pt}.

[82]
Chapter 31.
[83

]

Package fancyhdr Warning: \headheight is too small (12.0pt): 
(fancyhdr)                Make it at least 13.59999pt, for example:
(fancyhdr)                \setlength{\headheight}{13.59999pt}.
(fancyhdr)                You might also make \topmargin smaller:
(fancyhdr)                \addtolength{\topmargin}{-1.59999pt}.

[84]) (./Volume_02_Modern_Revolution_C11/Chapter_12_Functional_Programming.tex

Package fancyhdr Warning: \headheight is too small (12.0pt): 
(fancyhdr)                Make it at least 13.59999pt, for example:
(fancyhdr)                \setlength{\headheight}{13.59999pt}.
(fancyhdr)                You might also make \topmargin smaller:
(fancyhdr)                \addtolength{\topmargin}{-1.59999pt}.

[85]
Chapter 32.
[86

]) (./Volume_02_Modern_Revolution_C11/Chapter_13_Template_Metaprogramming.tex

Package fancyhdr Warning: \headheight is too small (12.0pt): 
(fancyhdr)                Make it at least 13.59999pt, for example:
(fancyhdr)                \setlength{\headheight}{13.59999pt}.
(fancyhdr)                You might also make \topmargin smaller:
(fancyhdr)                \addtolength{\topmargin}{-1.59999pt}.

[87]
Chapter 33.
[88

]) (./Volume_02_Modern_Revolution_C11/Chapter_14_Standard_Library_Expansion.tex

Package fancyhdr Warning: \headheight is too small (12.0pt): 
(fancyhdr)                Make it at least 13.59999pt, for example:
(fancyhdr)                \setlength{\headheight}{13.59999pt}.
(fancyhdr)                You might also make \topmargin smaller:
(fancyhdr)                \addtolength{\topmargin}{-1.59999pt}.

[89]
Chapter 34.
[90

]) (./Volume_02_Modern_Revolution_C11/Chapter_15_Concurrency.tex

Package fancyhdr Warning: \headheight is too small (12.0pt): 
(fancyhdr)                Make it at least 13.59999pt, for example:
(fancyhdr)                \setlength{\headheight}{13.59999pt}.
(fancyhdr)                You might also make \topmargin smaller:
(fancyhdr)                \addtolength{\topmargin}{-1.59999pt}.

[91]
Chapter 35.
[92

])

Package fancyhdr Warning: \headheight is too small (12.0pt): 
(fancyhdr)                Make it at least 13.59999pt, for example:
(fancyhdr)                \setlength{\headheight}{13.59999pt}.
(fancyhdr)                You might also make \topmargin smaller:
(fancyhdr)                \addtolength{\topmargin}{-1.59999pt}.

[93]

Package hyperref Warning: Token not allowed in a PDF string (Unicode):
(hyperref)                removing `alignment tab' on input line 112.

! Misplaced alignment tab character &.
<argument> Volume III: C++14 - Refinement &
                                            Generics
l.112 ...olume III: C++14 - Refinement & Generics}
                                                  
I can't figure out why you would want to use a tab mark
here. If you just want an ampersand, the remedy is
simple: Just type `I\&' now. But if some right brace
up above has ended a previous alignment prematurely,
you're probably due for more error messages, and you
might try typing `S' now just to see what is salvageable.

[94

] (./Volume_03_Refinement_Generics_C14/Chapter_16_C14_Core_Language_Upgrades.tex
Chapter 36.
[95

]) (./Volume_03_Refinement_Generics_C14/Chapter_17_C14_Functions_and_Lambdas.tex

Package fancyhdr Warning: \headheight is too small (12.0pt): 
(fancyhdr)                Make it at least 13.59999pt, for example:
(fancyhdr)                \setlength{\headheight}{13.59999pt}.
(fancyhdr)                You might also make \topmargin smaller:
(fancyhdr)                \addtolength{\topmargin}{-1.59999pt}.

[96]
Chapter 37.
) (./Volume_03_Refinement_Generics_C14/Chapter_18_C14_Templates_and_Metaprogramming.tex [97

]
Chapter 38.
) (./Volume_03_Refinement_Generics_C14/Chapter_19_C14_Standard_Library_Enhancements.tex [98

]
Chapter 39.
[99

])

Package fancyhdr Warning: \headheight is too small (12.0pt): 
(fancyhdr)                Make it at least 13.59999pt, for example:
(fancyhdr)                \setlength{\headheight}{13.59999pt}.
(fancyhdr)                You might also make \topmargin smaller:
(fancyhdr)                \addtolength{\topmargin}{-1.59999pt}.

[100]

Package hyperref Warning: Token not allowed in a PDF string (Unicode):
(hyperref)                removing `alignment tab' on input line 118.

! Misplaced alignment tab character &.
<argument> Volume IV: C++17 - Simplification &
                                               Modernization
l.118 ...: C++17 - Simplification & Modernization}
                                                  
I can't figure out why you would want to use a tab mark
here. If you just want an ampersand, the remedy is
simple: Just type `I\&' now. But if some right brace
up above has ended a previous alignment prematurely,
you're probably due for more error messages, and you
might try typing `S' now just to see what is salvageable.

[101

] (./Volume_04_Simplification_Modernization_C17/Chapter_20_C17_Core_Language_Features.tex
Chapter 40.
[102

]

Package fancyhdr Warning: \headheight is too small (12.0pt): 
(fancyhdr)                Make it at least 13.59999pt, for example:
(fancyhdr)                \setlength{\headheight}{13.59999pt}.
(fancyhdr)                You might also make \topmargin smaller:
(fancyhdr)                \addtolength{\topmargin}{-1.59999pt}.

[103]
Overfull \hbox (14.63359pt too wide) in paragraph at lines 166--170
[][][][][][][][][]\T1/lmr/m/n/10.95 : Warn if re-turn value is ig-nored. [][][][][][][][][][][][][][][][][]
 []

) (./Volume_04_Simplification_Modernization_C17/Chapter_21_C17_Template_Metaprogramming.tex

Package fancyhdr Warning: \headheight is too small (12.0pt): 
(fancyhdr)                Make it at least 13.59999pt, for example:
(fancyhdr)                \setlength{\headheight}{13.59999pt}.
(fancyhdr)                You might also make \topmargin smaller:
(fancyhdr)                \addtolength{\topmargin}{-1.59999pt}.

[104]
Chapter 41.
[105

]
Overfull \hbox (3.24994pt too wide) in paragraph at lines 113--115
\T1/lmr/m/n/10.95 Uniform way to in-voke any callable (func-tion pointer, func-tor, lambda, mem-ber func-tion pointer). 
 []


Package fancyhdr Warning: \headheight is too small (12.0pt): 
(fancyhdr)                Make it at least 13.59999pt, for example:
(fancyhdr)                \setlength{\headheight}{13.59999pt}.
(fancyhdr)                You might also make \topmargin smaller:
(fancyhdr)                \addtolength{\topmargin}{-1.59999pt}.

[106]) (./Volume_04_Simplification_Modernization_C17/Chapter_22_C17_Vocabulary_Types.tex

Package fancyhdr Warning: \headheight is too small (12.0pt): 
(fancyhdr)                Make it at least 13.59999pt, for example:
(fancyhdr)                \setlength{\headheight}{13.59999pt}.
(fancyhdr)                You might also make \topmargin smaller:
(fancyhdr)                \addtolength{\topmargin}{-1.59999pt}.

[107]
Chapter 42.
[108

]) (./Volume_04_Simplification_Modernization_C17/Chapter_23_C17_Filesystem_and_IO.tex

Package fancyhdr Warning: \headheight is too small (12.0pt): 
(fancyhdr)                Make it at least 13.59999pt, for example:
(fancyhdr)                \setlength{\headheight}{13.59999pt}.
(fancyhdr)                You might also make \topmargin smaller:
(fancyhdr)                \addtolength{\topmargin}{-1.59999pt}.

[109]
Chapter 43.

pdfTeX warning (ext4): destination with the same identifier (name{operations}) has been already used, duplicate ignored
<to be read again> 
                   \relax 
l.40 ...section{1.3 Operations}\label{operations}}
                                                   [110

]) (./Volume_04_Simplification_Modernization_C17/Chapter_24_C17_Parallel_Algorithms_and_Concurrency.tex

Package fancyhdr Warning: \headheight is too small (12.0pt): 
(fancyhdr)                Make it at least 13.59999pt, for example:
(fancyhdr)                \setlength{\headheight}{13.59999pt}.
(fancyhdr)                You might also make \topmargin smaller:
(fancyhdr)                \addtolength{\topmargin}{-1.59999pt}.

[111]
Chapter 44.
[112

]) (./Volume_04_Simplification_Modernization_C17/Chapter_25_C17_Standard_Library_Additions.tex

Package fancyhdr Warning: \headheight is too small (12.0pt): 
(fancyhdr)                Make it at least 13.59999pt, for example:
(fancyhdr)                \setlength{\headheight}{13.59999pt}.
(fancyhdr)                You might also make \topmargin smaller:
(fancyhdr)                \addtolength{\topmargin}{-1.59999pt}.

[113]
Chapter 45.

pdfTeX warning (ext4): destination with the same identifier (name{algorithms}) has been already used, duplicate ignored
<to be read again> 
                   \relax 
l.22 \section{2. Algorithms}\label{algorithms}}
                                               ) [114

] [115

] (./Volume_05_Gigantic_Leap_C20/Chapter_26_C20_Concepts.tex
Chapter 46.
[116

]
Overfull \hbox (39.23647pt too wide) in paragraph at lines 111--113
\T1/lmr/m/n/10.95 Concepts al-low over-load-ing func-tion tem-plates based on prop-er-ties of types (re-plac-ing SFINAE/[]
 []

) (./Volume_05_Gigantic_Leap_C20/Chapter_27_C20_Modules.tex

Package fancyhdr Warning: \headheight is too small (12.0pt): 
(fancyhdr)                Make it at least 13.59999pt, for example:
(fancyhdr)                \setlength{\headheight}{13.59999pt}.
(fancyhdr)                You might also make \topmargin smaller:
(fancyhdr)                \addtolength{\topmargin}{-1.59999pt}.

[117]
Chapter 47.
[118

]) (./Volume_05_Gigantic_Leap_C20/Chapter_28_C20_Coroutines.tex

Package fancyhdr Warning: \headheight is too small (12.0pt): 
(fancyhdr)                Make it at least 13.59999pt, for example:
(fancyhdr)                \setlength{\headheight}{13.59999pt}.
(fancyhdr)                You might also make \topmargin smaller:
(fancyhdr)                \addtolength{\topmargin}{-1.59999pt}.

[119]
Chapter 48.
[120

]) (./Volume_05_Gigantic_Leap_C20/Chapter_29_C20_Ranges.tex

Package fancyhdr Warning: \headheight is too small (12.0pt): 
(fancyhdr)                Make it at least 13.59999pt, for example:
(fancyhdr)                \setlength{\headheight}{13.59999pt}.
(fancyhdr)                You might also make \topmargin smaller:
(fancyhdr)                \addtolength{\topmargin}{-1.59999pt}.

[121]
Chapter 49.
[122

]) (./Volume_05_Gigantic_Leap_C20/Chapter_30_C20_Core_Language_Features.tex

Package fancyhdr Warning: \headheight is too small (12.0pt): 
(fancyhdr)                Make it at least 13.59999pt, for example:
(fancyhdr)                \setlength{\headheight}{13.59999pt}.
(fancyhdr)                You might also make \topmargin smaller:
(fancyhdr)                \addtolength{\topmargin}{-1.59999pt}.

[123]
Chapter 50.
[124

]
Overfull \hbox (4.5524pt too wide) in paragraph at lines 80--80
[]\T1/lmr/bx/n/14.4 5. Non-Type Tem-plate Pa-ram-e-ters (NTTP) En-hance-ments 
 []

) (./Volume_05_Gigantic_Leap_C20/Chapter_31_C20_Standard_Library_Additions.tex

Package fancyhdr Warning: \headheight is too small (12.0pt): 
(fancyhdr)                Make it at least 13.59999pt, for example:
(fancyhdr)                \setlength{\headheight}{13.59999pt}.
(fancyhdr)                You might also make \topmargin smaller:
(fancyhdr)                \addtolength{\topmargin}{-1.59999pt}.

[125]
Chapter 51.
[126

]
Overfull \hbox (15.31203pt too wide) in paragraph at lines 69--69
[]\T1/lmr/bx/n/14.4 4. Con-cur-rency Prim-i-tives (\T1/lmtt/b/n/14.4 <semaphore>\T1/lmr/bx/n/14.4 , \T1/lmtt/b/n/14.4 <barrier>\T1/lmr/bx/n/14.4 , \T1/lmtt/b/n/14.4 <latch>\T1/lmr/bx/n/14.4 ) 
 []

)

Package fancyhdr Warning: \headheight is too small (12.0pt): 
(fancyhdr)                Make it at least 13.59999pt, for example:
(fancyhdr)                \setlength{\headheight}{13.59999pt}.
(fancyhdr)                You might also make \topmargin smaller:
(fancyhdr)                \addtolength{\topmargin}{-1.59999pt}.

[127] [128

] (./Volume_06_Future_C23_26/Chapter_32_C23_Core_Language.tex
Chapter 52.
[129

]) (./Volume_06_Future_C23_26/Chapter_33_C23_Std_Print.tex

Package fancyhdr Warning: \headheight is too small (12.0pt): 
(fancyhdr)                Make it at least 13.59999pt, for example:
(fancyhdr)                \setlength{\headheight}{13.59999pt}.
(fancyhdr)                You might also make \topmargin smaller:
(fancyhdr)                \addtolength{\topmargin}{-1.59999pt}.

[130]
Chapter 53.
[131

]) (./Volume_06_Future_C23_26/Chapter_34_C23_Monadic_Operations_And_Expected.tex

Package fancyhdr Warning: \headheight is too small (12.0pt): 
(fancyhdr)                Make it at least 13.59999pt, for example:
(fancyhdr)                \setlength{\headheight}{13.59999pt}.
(fancyhdr)                You might also make \topmargin smaller:
(fancyhdr)                \addtolength{\topmargin}{-1.59999pt}.

[132]
Chapter 54.
[133

]) (./Volume_06_Future_C23_26/Chapter_35_C23_Containers_And_Views.tex

Package fancyhdr Warning: \headheight is too small (12.0pt): 
(fancyhdr)                Make it at least 13.59999pt, for example:
(fancyhdr)                \setlength{\headheight}{13.59999pt}.
(fancyhdr)                You might also make \topmargin smaller:
(fancyhdr)                \addtolength{\topmargin}{-1.59999pt}.

[134]
Chapter 55.

pdfTeX warning (ext4): destination with the same identifier (name{basics}) has been already used, duplicate ignored
<to be read again> 
                   \relax 
l.12 \subsection{1.1 Basics}\label{basics}}
                                            [135

]) (./Volume_06_Future_C23_26/Chapter_36_C23_Coroutines_And_Stacktrace.tex

Package fancyhdr Warning: \headheight is too small (12.0pt): 
(fancyhdr)                Make it at least 13.59999pt, for example:
(fancyhdr)                \setlength{\headheight}{13.59999pt}.
(fancyhdr)                You might also make \topmargin smaller:
(fancyhdr)                \addtolength{\topmargin}{-1.59999pt}.

[136]
Chapter 56.
) (./Volume_06_Future_C23_26/Chapter_37_C23_Library_Utilities.tex [137

]
Chapter 57.
[138

]) (./Volume_06_Future_C23_26/Chapter_38_The_Future_C26_Preview.tex

Package fancyhdr Warning: \headheight is too small (12.0pt): 
(fancyhdr)                Make it at least 13.59999pt, for example:
(fancyhdr)                \setlength{\headheight}{13.59999pt}.
(fancyhdr)                You might also make \topmargin smaller:
(fancyhdr)                \addtolength{\topmargin}{-1.59999pt}.

[139]
Chapter 58.

Package hyperref Warning: Difference (2) between bookmark levels is greater 
(hyperref)                than one, level fixed on input line 9.

[140

]

Package fancyhdr Warning: \headheight is too small (12.0pt): 
(fancyhdr)                Make it at least 13.59999pt, for example:
(fancyhdr)                \setlength{\headheight}{13.59999pt}.
(fancyhdr)                You might also make \topmargin smaller:
(fancyhdr)                \addtolength{\topmargin}{-1.59999pt}.

[141])

Package fancyhdr Warning: \headheight is too small (12.0pt): 
(fancyhdr)                Make it at least 13.59999pt, for example:
(fancyhdr)                \setlength{\headheight}{13.59999pt}.
(fancyhdr)                You might also make \topmargin smaller:
(fancyhdr)                \addtolength{\topmargin}{-1.59999pt}.

[142]

Package hyperref Warning: Token not allowed in a PDF string (Unicode):
(hyperref)                removing `alignment tab' on input line 143.

! Misplaced alignment tab character &.
<argument> Volume VII: Advanced Topics &
                                         Systems Architecture
l.143 ...: Advanced Topics & Systems Architecture}
                                                  
I can't figure out why you would want to use a tab mark
here. If you just want an ampersand, the remedy is
simple: Just type `I\&' now. But if some right brace
up above has ended a previous alignment prematurely,
you're probably due for more error messages, and you
might try typing `S' now just to see what is salvageable.

[143

] (./Volume_07_Advanced_Systems/Chapter_39_Advanced_Template_Metaprogramming.tex
Chapter 59.
[144

]) (./Volume_07_Advanced_Systems/Chapter_40_Compile_Time_Programming.tex

Package fancyhdr Warning: \headheight is too small (12.0pt): 
(fancyhdr)                Make it at least 13.59999pt, for example:
(fancyhdr)                \setlength{\headheight}{13.59999pt}.
(fancyhdr)                You might also make \topmargin smaller:
(fancyhdr)                \addtolength{\topmargin}{-1.59999pt}.

[145]
Chapter 60.
[146

]) (./Volume_07_Advanced_Systems/Chapter_41_The_CPP_Memory_Model.tex

Package fancyhdr Warning: \headheight is too small (12.0pt): 
(fancyhdr)                Make it at least 13.59999pt, for example:
(fancyhdr)                \setlength{\headheight}{13.59999pt}.
(fancyhdr)                You might also make \topmargin smaller:
(fancyhdr)                \addtolength{\topmargin}{-1.59999pt}.

[147]
Chapter 61.
[148

]) (./Volume_07_Advanced_Systems/Chapter_42_Lock_Free_Programming.tex

Package fancyhdr Warning: \headheight is too small (12.0pt): 
(fancyhdr)                Make it at least 13.59999pt, for example:
(fancyhdr)                \setlength{\headheight}{13.59999pt}.
(fancyhdr)                You might also make \topmargin smaller:
(fancyhdr)                \addtolength{\topmargin}{-1.59999pt}.

[149]
Chapter 62.
) (./Volume_07_Advanced_Systems/Chapter_43_Advanced_Concurrency_Patterns.tex [150

]
Chapter 63.
[151

]) (./Volume_07_Advanced_Systems/Chapter_44_Custom_Memory_Allocators.tex

Package fancyhdr Warning: \headheight is too small (12.0pt): 
(fancyhdr)                Make it at least 13.59999pt, for example:
(fancyhdr)                \setlength{\headheight}{13.59999pt}.
(fancyhdr)                You might also make \topmargin smaller:
(fancyhdr)                \addtolength{\topmargin}{-1.59999pt}.

[152]
Chapter 64.
[153

]) (./Volume_07_Advanced_Systems/Chapter_45_High_Performance_Optimization.tex

Package fancyhdr Warning: \headheight is too small (12.0pt): 
(fancyhdr)                Make it at least 13.59999pt, for example:
(fancyhdr)                \setlength{\headheight}{13.59999pt}.
(fancyhdr)                You might also make \topmargin smaller:
(fancyhdr)                \addtolength{\topmargin}{-1.59999pt}.

[154]
Chapter 65.
) (./Volume_07_Advanced_Systems/Chapter_46_WRITING_A_C_COMPILER_BASICS.tex [155

]
Chapter 66.

Package hyperref Warning: Difference (2) between bookmark levels is greater 
(hyperref)                than one, level fixed on input line 9.

[156

]) (./Volume_07_Advanced_Systems/Chapter_47_WRITING_A_GARBAGE_COLLECTOR.tex

Package fancyhdr Warning: \headheight is too small (12.0pt): 
(fancyhdr)                Make it at least 13.59999pt, for example:
(fancyhdr)                \setlength{\headheight}{13.59999pt}.
(fancyhdr)                You might also make \topmargin smaller:
(fancyhdr)                \addtolength{\topmargin}{-1.59999pt}.

[157]
Chapter 67.

Package hyperref Warning: Difference (2) between bookmark levels is greater 
(hyperref)                than one, level fixed on input line 9.

) (./Volume_07_Advanced_Systems/Chapter_48_THE_STANDARD_LIBRARY_FROM_SCRATCH.tex [158

]
Chapter 68.

Package hyperref Warning: Difference (2) between bookmark levels is greater 
(hyperref)                than one, level fixed on input line 8.

[159

])

Package fancyhdr Warning: \headheight is too small (12.0pt): 
(fancyhdr)                Make it at least 13.59999pt, for example:
(fancyhdr)                \setlength{\headheight}{13.59999pt}.
(fancyhdr)                You might also make \topmargin smaller:
(fancyhdr)                \addtolength{\topmargin}{-1.59999pt}.

[160]

Package hyperref Warning: Token not allowed in a PDF string (Unicode):
(hyperref)                removing `alignment tab' on input line 155.

! Misplaced alignment tab character &.
<argument> Volume VIII: Specialized Domains &
                                              Expert Mastery
l.155 ...II: Specialized Domains & Expert Mastery}
                                                  
I can't figure out why you would want to use a tab mark
here. If you just want an ampersand, the remedy is
simple: Just type `I\&' now. But if some right brace
up above has ended a previous alignment prematurely,
you're probably due for more error messages, and you
might try typing `S' now just to see what is salvageable.

[161

] (./Volume_08_Specialized_Mastery/Chapter_49_DISTRIBUTED_C.tex
Chapter 69.

Package hyperref Warning: Difference (2) between bookmark levels is greater 
(hyperref)                than one, level fixed on input line 8.

[162

]) (./Volume_08_Specialized_Mastery/Chapter_50_NETWORKING_FROM_SCRATCH.tex

Package fancyhdr Warning: \headheight is too small (12.0pt): 
(fancyhdr)                Make it at least 13.59999pt, for example:
(fancyhdr)                \setlength{\headheight}{13.59999pt}.
(fancyhdr)                You might also make \topmargin smaller:
(fancyhdr)                \addtolength{\topmargin}{-1.59999pt}.

[163]
Chapter 70.

Package hyperref Warning: Difference (2) between bookmark levels is greater 
(hyperref)                than one, level fixed on input line 8.

[164

]) (./Volume_08_Specialized_Mastery/Chapter_51_C_IN_THE_CLOUD.tex

Package fancyhdr Warning: \headheight is too small (12.0pt): 
(fancyhdr)                Make it at least 13.59999pt, for example:
(fancyhdr)                \setlength{\headheight}{13.59999pt}.
(fancyhdr)                You might also make \topmargin smaller:
(fancyhdr)                \addtolength{\topmargin}{-1.59999pt}.

[165]
Chapter 71.

Package hyperref Warning: Difference (2) between bookmark levels is greater 
(hyperref)                than one, level fixed on input line 7.

) (./Volume_08_Specialized_Mastery/Chapter_52_CROSS-PLATFORM_DEVELOPMENT.tex [166

]
Chapter 72.

Package hyperref Warning: Difference (2) between bookmark levels is greater 
(hyperref)                than one, level fixed on input line 8.

) (./Volume_08_Specialized_Mastery/Chapter_53_GUI_DEVELOPMENT_WITH_C.tex [167

]
Chapter 73.

Package hyperref Warning: Difference (2) between bookmark levels is greater 
(hyperref)                than one, level fixed on input line 8.

) (./Volume_08_Specialized_Mastery/Chapter_54_SCIENTIFIC_COMPUTING__GPU.tex [168

]
Chapter 74.

Package hyperref Warning: Difference (2) between bookmark levels is greater 
(hyperref)                than one, level fixed on input line 7.

) (./Volume_08_Specialized_Mastery/Chapter_55_INTEROPERABILITY.tex [169

]
Chapter 75.

Package hyperref Warning: Difference (2) between bookmark levels is greater 
(hyperref)                than one, level fixed on input line 9.

) (./Volume_08_Specialized_Mastery/Chapter_56_SECURITY_ENGINEERING.tex [170

]
Chapter 76.

Package hyperref Warning: Difference (2) between bookmark levels is greater 
(hyperref)                than one, level fixed on input line 6.

) (./Volume_08_Specialized_Mastery/Chapter_57_SPECIALIZED_DOMAINS.tex [171

]
Chapter 77.

Package hyperref Warning: Difference (2) between bookmark levels is greater 
(hyperref)                than one, level fixed on input line 6.

[172

]

Package fancyhdr Warning: \headheight is too small (12.0pt): 
(fancyhdr)                Make it at least 13.59999pt, for example:
(fancyhdr)                \setlength{\headheight}{13.59999pt}.
(fancyhdr)                You might also make \topmargin smaller:
(fancyhdr)                \addtolength{\topmargin}{-1.59999pt}.

[173]

Package fancyhdr Warning: \headheight is too small (12.0pt): 
(fancyhdr)                Make it at least 13.59999pt, for example:
(fancyhdr)                \setlength{\headheight}{13.59999pt}.
(fancyhdr)                You might also make \topmargin smaller:
(fancyhdr)                \addtolength{\topmargin}{-1.59999pt}.

[174]

Package fancyhdr Warning: \headheight is too small (12.0pt): 
(fancyhdr)                Make it at least 13.59999pt, for example:
(fancyhdr)                \setlength{\headheight}{13.59999pt}.
(fancyhdr)                You might also make \topmargin smaller:
(fancyhdr)                \addtolength{\topmargin}{-1.59999pt}.

[175]) (./Volume_08_Specialized_Mastery/Chapter_58_ABA_PROBLEM__MEMORY_RECLAMATION.tex

Package fancyhdr Warning: \headheight is too small (12.0pt): 
(fancyhdr)                Make it at least 13.59999pt, for example:
(fancyhdr)                \setlength{\headheight}{13.59999pt}.
(fancyhdr)                You might also make \topmargin smaller:
(fancyhdr)                \addtolength{\topmargin}{-1.59999pt}.

[176]
Chapter 78.

Package hyperref Warning: Difference (2) between bookmark levels is greater 
(hyperref)                than one, level fixed on input line 11.

[177

]) (./Volume_08_Specialized_Mastery/Chapter_59_TEMPLATE_METAPROGRAMMING_PATTERNS.tex

Package fancyhdr Warning: \headheight is too small (12.0pt): 
(fancyhdr)                Make it at least 13.59999pt, for example:
(fancyhdr)                \setlength{\headheight}{13.59999pt}.
(fancyhdr)                You might also make \topmargin smaller:
(fancyhdr)                \addtolength{\topmargin}{-1.59999pt}.

[178]
Chapter 79.

Package hyperref Warning: Difference (2) between bookmark levels is greater 
(hyperref)                than one, level fixed on input line 10.

[179

]
pdfTeX warning (ext4): destination with the same identifier (name{policy-based-design}) has been already used, duplicate ignored
<to be read again> 
                   \relax 
l.66 ...-Based Design}\label{policy-based-design}}
                                                  ) (./Volume_08_Specialized_Mastery/Chapter_60_HIGH-PERFORMANCE_DATA_STRUCTURES.tex

Package fancyhdr Warning: \headheight is too small (12.0pt): 
(fancyhdr)                Make it at least 13.59999pt, for example:
(fancyhdr)                \setlength{\headheight}{13.59999pt}.
(fancyhdr)                You might also make \topmargin smaller:
(fancyhdr)                \addtolength{\topmargin}{-1.59999pt}.

[180]
Chapter 80.

Package hyperref Warning: Difference (2) between bookmark levels is greater 
(hyperref)                than one, level fixed on input line 10.

) (./Volume_08_Specialized_Mastery/Chapter_61_REAL-TIME_AUDIO__SIGNAL_PROCESSING.tex [181

]
Chapter 81.

Package hyperref Warning: Difference (2) between bookmark levels is greater 
(hyperref)                than one, level fixed on input line 13.


Overfull \hbox (10.0812pt too wide) in paragraph at lines 25--31
[][][][][][][][][][][][][][][][][][][][][][][][][][][][][][][][][][][][][][][][][][][][][][][][][][][][][][][][][][][][]
 []

) (./Volume_08_Specialized_Mastery/Chapter_62_ROBOTICS__ROS2_DEVELOPMENT.tex [182

]
Chapter 82.

Package hyperref Warning: Difference (2) between bookmark levels is greater 
(hyperref)                than one, level fixed on input line 8.

) (./Volume_08_Specialized_Mastery/Chapter_63_MACHINE_LEARNING_INFRASTRUCTURE.tex [183

]
Chapter 83.

Package hyperref Warning: Difference (2) between bookmark levels is greater 
(hyperref)                than one, level fixed on input line 9.

) (./Volume_08_Specialized_Mastery/Chapter_64_DATABASE_INTERNALS_LSM_TREES.tex [184

]
Chapter 84.

Package hyperref Warning: Difference (2) between bookmark levels is greater 
(hyperref)                than one, level fixed on input line 8.


Overfull \hbox (15.8503pt too wide) in paragraph at lines 37--39
[]\T1/lmr/bx/n/10.95 Compaction: \T1/lmr/m/n/10.95 Back-ground pro-cess merges mul-ti-ple SSTa-bles, dis-card-ing over-writ-ten/deleted
 []

) (./Volume_08_Specialized_Mastery/Chapter_65_THE_ULTIMATE_ALGORITHM_REFERENCE.tex [185

]
Chapter 85.

Package hyperref Warning: Difference (2) between bookmark levels is greater 
(hyperref)                than one, level fixed on input line 9.


pdfTeX warning (ext4): destination with the same identifier (name{sorting}) has been already used, duplicate ignored
<to be read again> 
                   \relax 
l.74 \subsection{27.4 Sorting}\label{sorting}}
                                              
pdfTeX warning (ext4): destination with the same identifier (name{binary-search-on-sorted-ranges}) has been already used, duplicate ignored
<to be read again> 
                   \relax 
l.91 ...s)}\label{binary-search-on-sorted-ranges}}
                                                   [186

]) (./Volume_08_Specialized_Mastery/Chapter_66_CAPSTONE_PROJECT_-_HIGH-PERFORMANCE_ORDER_BOOK.tex

Package fancyhdr Warning: \headheight is too small (12.0pt): 
(fancyhdr)                Make it at least 13.59999pt, for example:
(fancyhdr)                \setlength{\headheight}{13.59999pt}.
(fancyhdr)                You might also make \topmargin smaller:
(fancyhdr)                \addtolength{\topmargin}{-1.59999pt}.

[187]
Chapter 86.

Package hyperref Warning: Difference (2) between bookmark levels is greater 
(hyperref)                than one, level fixed on input line 10.

[188

]

Package fancyhdr Warning: \headheight is too small (12.0pt): 
(fancyhdr)                Make it at least 13.59999pt, for example:
(fancyhdr)                \setlength{\headheight}{13.59999pt}.
(fancyhdr)                You might also make \topmargin smaller:
(fancyhdr)                \addtolength{\topmargin}{-1.59999pt}.

[189]

Package fancyhdr Warning: \headheight is too small (12.0pt): 
(fancyhdr)                Make it at least 13.59999pt, for example:
(fancyhdr)                \setlength{\headheight}{13.59999pt}.
(fancyhdr)                You might also make \topmargin smaller:
(fancyhdr)                \addtolength{\topmargin}{-1.59999pt}.

[190]
Chapter 87.
) (./Appendices/Appendix_A_Appendix_A_C_Keywords__Operators_Reference.tex [191

]
Appendix A.

Package hyperref Warning: Difference (2) between bookmark levels is greater 
(hyperref)                than one, level fixed on input line 7.

) (./Appendices/Appendix_B_Appendix_B_Common_Acronyms.tex [192

]
Appendix B.
) (./Appendices/Appendix_C_Appendix_C_Recommended_Tooling.tex [193

]
Appendix C.

Package hyperref Warning: Difference (2) between bookmark levels is greater 
(hyperref)                than one, level fixed on input line 6.

) (./Appendices/Appendix_D_Appendix_D_Common_C_Traps__Pitfalls.tex [194

]
Appendix D.

Package hyperref Warning: Difference (2) between bookmark levels is greater 
(hyperref)                than one, level fixed on input line 6.

[195

]

Package fancyhdr Warning: \headheight is too small (12.0pt): 
(fancyhdr)                Make it at least 13.59999pt, for example:
(fancyhdr)                \setlength{\headheight}{13.59999pt}.
(fancyhdr)                You might also make \topmargin smaller:
(fancyhdr)                \addtolength{\topmargin}{-1.59999pt}.

[196]) (./Appendices/Appendix_E_Appendix_E_C_Interview_Cheat_Sheet.tex

Package fancyhdr Warning: \headheight is too small (12.0pt): 
(fancyhdr)                Make it at least 13.59999pt, for example:
(fancyhdr)                \setlength{\headheight}{13.59999pt}.
(fancyhdr)                You might also make \topmargin smaller:
(fancyhdr)                \addtolength{\topmargin}{-1.59999pt}.

[197]
Appendix E.

Package hyperref Warning: Difference (2) between bookmark levels is greater 
(hyperref)                than one, level fixed on input line 6.

[198

]) (./Appendices/Appendix_F_Appendix_F_The_C_Standard_Evolution_Matrix.tex

Package fancyhdr Warning: \headheight is too small (12.0pt): 
(fancyhdr)                Make it at least 13.59999pt, for example:
(fancyhdr)                \setlength{\headheight}{13.59999pt}.
(fancyhdr)                You might also make \topmargin smaller:
(fancyhdr)                \addtolength{\topmargin}{-1.59999pt}.

[199]
Appendix F.

Package hyperref Warning: Difference (2) between bookmark levels is greater 
(hyperref)                than one, level fixed on input line 6.


Overfull \hbox (18.37114pt too wide) in paragraph at lines 13--26
\T1/lmr/bx/n/10.95 Released: \T1/lmr/m/n/10.95 1998 * \T1/lmr/bx/n/10.95 Core: \T1/lmr/m/n/10.95 Tem-plates, Ex-cep-tions, Names-paces, [][][][] type, [][][][] op-er-a-tors ([]
 []

[200

]
Overfull \hbox (111.34966pt too wide) in alignment at lines 150--154
[] [] [] [] [] [] []
 []


Overfull \hbox (111.34966pt too wide) in alignment at lines 154--187
[] [] [] [] [] [] []
 []


Underfull \hbox (badness 10000) in alignment at lines 193--197
[] [] [] []
 []


Underfull \hbox (badness 10000) in alignment at lines 197--216
[] [] [] []
 []

) (./Appendices/Appendix_G_Appendix_G_C_Standard_Library_Headers_Reference.tex

Package fancyhdr Warning: \headheight is too small (12.0pt): 
(fancyhdr)                Make it at least 13.59999pt, for example:
(fancyhdr)                \setlength{\headheight}{13.59999pt}.
(fancyhdr)                You might also make \topmargin smaller:
(fancyhdr)                \addtolength{\topmargin}{-1.59999pt}.

[201]
Appendix G.

Package hyperref Warning: Difference (2) between bookmark levels is greater 
(hyperref)                than one, level fixed on input line 6.


pdfTeX warning (ext4): destination with the same identifier (name{concurrency}) has been already used, duplicate ignored
<to be read again> 
                   \relax 
l.84 \subsection{Concurrency}\label{concurrency}}
                                                  [202

]) (./Appendices/Appendix_H_Appendix_H_Professional_C_Idioms.tex

Package fancyhdr Warning: \headheight is too small (12.0pt): 
(fancyhdr)                Make it at least 13.59999pt, for example:
(fancyhdr)                \setlength{\headheight}{13.59999pt}.
(fancyhdr)                You might also make \topmargin smaller:
(fancyhdr)                \addtolength{\topmargin}{-1.59999pt}.

[203]
Appendix H.

Package hyperref Warning: Difference (2) between bookmark levels is greater 
(hyperref)                than one, level fixed on input line 7.


Overfull \hbox (1.87526pt too wide) in paragraph at lines 67--69
[]\T1/lmr/bx/n/10.95 Pattern\T1/lmr/m/n/10.95 : [][][][][][][][][][][][][][][][][][][][][][][][][][][][][][][][][][][][][][][][][][][][][][][][][][][][][][][][][][][][][]
 []


pdfTeX warning (ext4): destination with the same identifier (name{sfinae-substitution-failure-is-not-an-error}) has been already used, duplicate ignored
<to be read again> 
                   \relax 
l.87 ...nae-substitution-failure-is-not-an-error}}
                                                   [204

])

Package fancyhdr Warning: \headheight is too small (12.0pt): 
(fancyhdr)                Make it at least 13.59999pt, for example:
(fancyhdr)                \setlength{\headheight}{13.59999pt}.
(fancyhdr)                You might also make \topmargin smaller:
(fancyhdr)                \addtolength{\topmargin}{-1.59999pt}.

[205] (./CPP_Zero_to_Godhood.aux)
 ***********
LaTeX2e <2025-11-01>
L3 programming layer <2025-11-14>
 ***********


LaTeX Warning: There were multiply-defined labels.


Package rerunfilecheck Warning: File `CPP_Zero_to_Godhood.out' has changed.
(rerunfilecheck)                Rerun to get outlines right
(rerunfilecheck)                or use package `bookmark'.

Package rerunfilecheck Info: Checksums for `CPP_Zero_to_Godhood.out':
(rerunfilecheck)             Before: 23B86D4F9F82821445B45EA40FCF7618;115053
(rerunfilecheck)             After:  DBFFD2362E8D7B007E2D5C71B697BAA6;114712.
 ) 
Here is how much of TeX's memory you used:
 22342 strings out of 469519
 366127 string characters out of 5469079
 1386945 words of memory out of 5000000
 44756 multiletter control sequences out of 15000+600000
 698513 words of font info for 88 fonts, out of 8000000 for 9000
 14 hyphenation exceptions out of 8191
 75i,12n,89p,506b,2056s stack positions out of 10000i,1000n,20000p,200000b,200000s

pdfTeX warning (dest): name{chapter.89} has been referenced but does not exist, replaced by a fixed one


pdfTeX warning (dest): name{subsection.88.0.5} has been referenced but does not exist, replaced by a fixed one


pdfTeX warning (dest): name{subsection.88.0.4} has been referenced but does not exist, replaced by a fixed one


pdfTeX warning (dest): name{subsection.88.0.3} has been referenced but does not exist, replaced by a fixed one


pdfTeX warning (dest): name{subsection.88.0.2} has been referenced but does not exist, replaced by a fixed one


pdfTeX warning (dest): name{subsection.88.0.1} has been referenced but does not exist, replaced by a fixed one


pdfTeX warning (dest): name{chapter.88} has been referenced but does not exist, replaced by a fixed one


pdfTeX warning (dest): name{subsection.87.0.6} has been referenced but does not exist, replaced by a fixed one


pdfTeX warning (dest): name{subsection.87.0.5} has been referenced but does not exist, replaced by a fixed one


pdfTeX warning (dest): name{subsection.87.0.4} has been referenced but does not exist, replaced by a fixed one


pdfTeX warning (dest): name{subsection.87.0.3} has been referenced but does not exist, replaced by a fixed one


pdfTeX warning (dest): name{subsection.87.0.2} has been referenced but does not exist, replaced by a fixed one


pdfTeX warning (dest): name{subsection.87.0.1} has been referenced but does not exist, replaced by a fixed one


pdfTeX warning (dest): name{subsection.81.0.4} has been referenced but does not exist, replaced by a fixed one


pdfTeX warning (dest): name{subsection.79.4.3} has been referenced but does not exist, replaced by a fixed one


pdfTeX warning (dest): name{subsection.79.4.2} has been referenced but does not exist, replaced by a fixed one


pdfTeX warning (dest): name{subsection.79.4.1} has been referenced but does not exist, replaced by a fixed one


pdfTeX warning (dest): name{section.79.4} has been referenced but does not exist, replaced by a fixed one


pdfTeX warning (dest): name{section.79.3} has been referenced but does not exist, replaced by a fixed one


pdfTeX warning (dest): name{section.79.2} has been referenced but does not exist, replaced by a fixed one


pdfTeX warning (dest): name{subsection.79.1.12} has been referenced but does not exist, replaced by a fixed one


pdfTeX warning (dest): name{subsection.79.1.11} has been referenced but does not exist, replaced by a fixed one


pdfTeX warning (dest): name{subsection.79.1.10} has been referenced but does not exist, replaced by a fixed one


pdfTeX warning (dest): name{subsection.79.1.9} has been referenced but does not exist, replaced by a fixed one


pdfTeX warning (dest): name{subsection.79.1.8} has been referenced but does not exist, replaced by a fixed one


pdfTeX warning (dest): name{subsection.79.1.7} has been referenced but does not exist, replaced by a fixed one


pdfTeX warning (dest): name{subsection.79.1.6} has been referenced but does not exist, replaced by a fixed one


pdfTeX warning (dest): name{subsection.79.1.5} has been referenced but does not exist, replaced by a fixed one


pdfTeX warning (dest): name{subsection.79.1.4} has been referenced but does not exist, replaced by a fixed one


pdfTeX warning (dest): name{subsection.79.1.3} has been referenced but does not exist, replaced by a fixed one


pdfTeX warning (dest): name{subsection.79.1.2} has been referenced but does not exist, replaced by a fixed one


pdfTeX warning (dest): name{subsection.79.1.1} has been referenced but does not exist, replaced by a fixed one


pdfTeX warning (dest): name{section.79.1} has been referenced but does not exist, replaced by a fixed one


pdfTeX warning (dest): name{subsection.71.0.3} has been referenced but does not exist, replaced by a fixed one


pdfTeX warning (dest): name{subsection.68.0.3} has been referenced but does not exist, replaced by a fixed one


pdfTeX warning (dest): name{section.67.5} has been referenced but does not exist, replaced by a fixed one


pdfTeX warning (dest): name{section.67.4} has been referenced but does not exist, replaced by a fixed one


pdfTeX warning (dest): name{section.67.3} has been referenced but does not exist, replaced by a fixed one


pdfTeX warning (dest): name{section.67.2} has been referenced but does not exist, replaced by a fixed one


pdfTeX warning (dest): name{section.67.1} has been referenced but does not exist, replaced by a fixed one


pdfTeX warning (dest): name{section.66.5} has been referenced but does not exist, replaced by a fixed one


pdfTeX warning (dest): name{section.66.4} has been referenced but does not exist, replaced by a fixed one


pdfTeX warning (dest): name{section.66.3} has been referenced but does not exist, replaced by a fixed one


pdfTeX warning (dest): name{section.66.2} has been referenced but does not exist, replaced by a fixed one


pdfTeX warning (dest): name{section.66.1} has been referenced but does not exist, replaced by a fixed one


pdfTeX warning (dest): name{subsection.63.3.1} has been referenced but does not exist, replaced by a fixed one


pdfTeX warning (dest): name{section.62.5} has been referenced but does not exist, replaced by a fixed one


pdfTeX warning (dest): name{subsection.62.3.2} has been referenced but does not exist, replaced by a fixed one


pdfTeX warning (dest): name{subsection.62.3.1} has been referenced but does not exist, replaced by a fixed one


pdfTeX warning (dest): name{section.61.5} has been referenced but does not exist, replaced by a fixed one


pdfTeX warning (dest): name{subsection.61.2.2} has been referenced but does not exist, replaced by a fixed one


pdfTeX warning (dest): name{subsection.61.2.1} has been referenced but does not exist, replaced by a fixed one


pdfTeX warning (dest): name{subsection.60.0.4} has been referenced but does not exist, replaced by a fixed one


pdfTeX warning (dest): name{subsection.60.0.3} has been referenced but does not exist, replaced by a fixed one


pdfTeX warning (dest): name{subsection.60.0.2} has been referenced but does not exist, replaced by a fixed one


pdfTeX warning (dest): name{subsection.60.0.1} has been referenced but does not exist, replaced by a fixed one


pdfTeX warning (dest): name{section.58.2} has been referenced but does not exist, replaced by a fixed one


pdfTeX warning (dest): name{subsection.58.1.2} has been referenced but does not exist, replaced by a fixed one


pdfTeX warning (dest): name{subsection.58.1.1} has been referenced but does not exist, replaced by a fixed one


pdfTeX warning (dest): name{section.58.1} has been referenced but does not exist, replaced by a fixed one


pdfTeX warning (dest): name{subsection.57.1.2} has been referenced but does not exist, replaced by a fixed one


pdfTeX warning (dest): name{subsection.57.1.1} has been referenced but does not exist, replaced by a fixed one


pdfTeX warning (dest): name{subsection.55.1.4} has been referenced but does not exist, replaced by a fixed one


pdfTeX warning (dest): name{subsection.55.1.3} has been referenced but does not exist, replaced by a fixed one


pdfTeX warning (dest): name{section.54.6} has been referenced but does not exist, replaced by a fixed one


pdfTeX warning (dest): name{section.54.5} has been referenced but does not exist, replaced by a fixed one


pdfTeX warning (dest): name{section.54.4} has been referenced but does not exist, replaced by a fixed one


pdfTeX warning (dest): name{section.54.3} has been referenced but does not exist, replaced by a fixed one


pdfTeX warning (dest): name{subsection.54.1.3} has been referenced but does not exist, replaced by a fixed one


pdfTeX warning (dest): name{section.53.6} has been referenced but does not exist, replaced by a fixed one


pdfTeX warning (dest): name{section.53.5} has been referenced but does not exist, replaced by a fixed one


pdfTeX warning (dest): name{section.53.4} has been referenced but does not exist, replaced by a fixed one


pdfTeX warning (dest): name{section.53.3} has been referenced but does not exist, replaced by a fixed one


pdfTeX warning (dest): name{subsection.50.1.1} has been referenced but does not exist, replaced by a fixed one


pdfTeX warning (dest): name{section.49.5} has been referenced but does not exist, replaced by a fixed one


pdfTeX warning (dest): name{subsection.49.2.2} has been referenced but does not exist, replaced by a fixed one


pdfTeX warning (dest): name{subsection.49.2.1} has been referenced but does not exist, replaced by a fixed one


pdfTeX warning (dest): name{subsection.49.1.1} has been referenced but does not exist, replaced by a fixed one


pdfTeX warning (dest): name{section.48.5} has been referenced but does not exist, replaced by a fixed one


pdfTeX warning (dest): name{subsection.48.2.2} has been referenced but does not exist, replaced by a fixed one


pdfTeX warning (dest): name{subsection.48.2.1} has been referenced but does not exist, replaced by a fixed one


pdfTeX warning (dest): name{subsection.45.1.3} has been referenced but does not exist, replaced by a fixed one


pdfTeX warning (dest): name{subsection.45.1.2} has been referenced but does not exist, replaced by a fixed one


pdfTeX warning (dest): name{subsection.45.1.1} has been referenced but does not exist, replaced by a fixed one


pdfTeX warning (dest): name{section.44.4} has been referenced but does not exist, replaced by a fixed one


pdfTeX warning (dest): name{subsection.44.1.2} has been referenced but does not exist, replaced by a fixed one


pdfTeX warning (dest): name{subsection.44.1.1} has been referenced but does not exist, replaced by a fixed one


pdfTeX warning (dest): name{section.43.4} has been referenced but does not exist, replaced by a fixed one


pdfTeX warning (dest): name{section.43.3} has been referenced but does not exist, replaced by a fixed one


pdfTeX warning (dest): name{subsection.43.2.1} has been referenced but does not exist, replaced by a fixed one


pdfTeX warning (dest): name{section.42.6} has been referenced but does not exist, replaced by a fixed one


pdfTeX warning (dest): name{section.42.5} has been referenced but does not exist, replaced by a fixed one


pdfTeX warning (dest): name{subsection.42.1.3} has been referenced but does not exist, replaced by a fixed one


pdfTeX warning (dest): name{section.41.5} has been referenced but does not exist, replaced by a fixed one


pdfTeX warning (dest): name{section.38.4} has been referenced but does not exist, replaced by a fixed one


pdfTeX warning (dest): name{subsection.38.1.1} has been referenced but does not exist, replaced by a fixed one


pdfTeX warning (dest): name{section.37.5} has been referenced but does not exist, replaced by a fixed one


pdfTeX warning (dest): name{section.37.4} has been referenced but does not exist, replaced by a fixed one


pdfTeX warning (dest): name{section.36.5} has been referenced but does not exist, replaced by a fixed one


pdfTeX warning (dest): name{subsection.35.1.1} has been referenced but does not exist, replaced by a fixed one


pdfTeX warning (dest): name{subsection.34.1.3} has been referenced but does not exist, replaced by a fixed one


pdfTeX warning (dest): name{subsection.34.1.2} has been referenced but does not exist, replaced by a fixed one


pdfTeX warning (dest): name{subsection.34.1.1} has been referenced but does not exist, replaced by a fixed one


pdfTeX warning (dest): name{subsection.33.2.4} has been referenced but does not exist, replaced by a fixed one


pdfTeX warning (dest): name{subsection.33.2.3} has been referenced but does not exist, replaced by a fixed one


pdfTeX warning (dest): name{subsection.33.2.2} has been referenced but does not exist, replaced by a fixed one


pdfTeX warning (dest): name{subsection.33.2.1} has been referenced but does not exist, replaced by a fixed one


pdfTeX warning (dest): name{subsection.33.1.4} has been referenced but does not exist, replaced by a fixed one


pdfTeX warning (dest): name{subsection.33.1.3} has been referenced but does not exist, replaced by a fixed one


pdfTeX warning (dest): name{subsection.33.1.2} has been referenced but does not exist, replaced by a fixed one


pdfTeX warning (dest): name{section.32.6} has been referenced but does not exist, replaced by a fixed one


pdfTeX warning (dest): name{section.32.5} has been referenced but does not exist, replaced by a fixed one


pdfTeX warning (dest): name{subsection.32.4.4} has been referenced but does not exist, replaced by a fixed one


pdfTeX warning (dest): name{subsection.32.4.3} has been referenced but does not exist, replaced by a fixed one


pdfTeX warning (dest): name{subsection.32.4.2} has been referenced but does not exist, replaced by a fixed one


pdfTeX warning (dest): name{subsection.32.4.1} has been referenced but does not exist, replaced by a fixed one


pdfTeX warning (dest): name{section.32.4} has been referenced but does not exist, replaced by a fixed one


pdfTeX warning (dest): name{subsection.32.3.1} has been referenced but does not exist, replaced by a fixed one


pdfTeX warning (dest): name{subsection.32.2.2} has been referenced but does not exist, replaced by a fixed one


pdfTeX warning (dest): name{subsection.32.2.1} has been referenced but does not exist, replaced by a fixed one


pdfTeX warning (dest): name{subsection.31.3.1} has been referenced but does not exist, replaced by a fixed one


pdfTeX warning (dest): name{subsection.31.2.5} has been referenced but does not exist, replaced by a fixed one


pdfTeX warning (dest): name{subsection.29.0.5} has been referenced but does not exist, replaced by a fixed one


pdfTeX warning (dest): name{subsection.29.0.4} has been referenced but does not exist, replaced by a fixed one


pdfTeX warning (dest): name{subsection.29.0.3} has been referenced but does not exist, replaced by a fixed one


pdfTeX warning (dest): name{subsection.29.0.2} has been referenced but does not exist, replaced by a fixed one


pdfTeX warning (dest): name{subsection.29.0.1} has been referenced but does not exist, replaced by a fixed one


pdfTeX warning (dest): name{section.27.2} has been referenced but does not exist, replaced by a fixed one


pdfTeX warning (dest): name{section.27.1} has been referenced but does not exist, replaced by a fixed one


pdfTeX warning (dest): name{section.26.3} has been referenced but does not exist, replaced by a fixed one


pdfTeX warning (dest): name{section.26.2} has been referenced but does not exist, replaced by a fixed one


pdfTeX warning (dest): name{section.26.1} has been referenced but does not exist, replaced by a fixed one


pdfTeX warning (dest): name{section.25.18} has been referenced but does not exist, replaced by a fixed one


pdfTeX warning (dest): name{subsection.25.17.2} has been referenced but does not exist, replaced by a fixed one


pdfTeX warning (dest): name{subsection.25.17.1} has been referenced but does not exist, replaced by a fixed one


pdfTeX warning (dest): name{section.25.17} has been referenced but does not exist, replaced by a fixed one


pdfTeX warning (dest): name{section.25.16} has been referenced but does not exist, replaced by a fixed one


pdfTeX warning (dest): name{subsection.25.15.7} has been referenced but does not exist, replaced by a fixed one


pdfTeX warning (dest): name{subsection.25.15.6} has been referenced but does not exist, replaced by a fixed one


pdfTeX warning (dest): name{subsection.25.15.5} has been referenced but does not exist, replaced by a fixed one


pdfTeX warning (dest): name{subsection.25.15.4} has been referenced but does not exist, replaced by a fixed one


pdfTeX warning (dest): name{subsection.25.15.3} has been referenced but does not exist, replaced by a fixed one


pdfTeX warning (dest): name{subsection.25.15.2} has been referenced but does not exist, replaced by a fixed one


pdfTeX warning (dest): name{subsection.25.15.1} has been referenced but does not exist, replaced by a fixed one


pdfTeX warning (dest): name{section.25.15} has been referenced but does not exist, replaced by a fixed one


pdfTeX warning (dest): name{subsection.25.14.2} has been referenced but does not exist, replaced by a fixed one


pdfTeX warning (dest): name{subsection.25.14.1} has been referenced but does not exist, replaced by a fixed one


pdfTeX warning (dest): name{section.25.14} has been referenced but does not exist, replaced by a fixed one


pdfTeX warning (dest): name{section.25.13} has been referenced but does not exist, replaced by a fixed one


pdfTeX warning (dest): name{section.25.12} has been referenced but does not exist, replaced by a fixed one


pdfTeX warning (dest): name{section.25.11} has been referenced but does not exist, replaced by a fixed one


pdfTeX warning (dest): name{section.25.10} has been referenced but does not exist, replaced by a fixed one


pdfTeX warning (dest): name{subsection.25.9.1} has been referenced but does not exist, replaced by a fixed one


pdfTeX warning (dest): name{section.25.9} has been referenced but does not exist, replaced by a fixed one


pdfTeX warning (dest): name{subsection.25.8.1} has been referenced but does not exist, replaced by a fixed one


pdfTeX warning (dest): name{section.25.8} has been referenced but does not exist, replaced by a fixed one


pdfTeX warning (dest): name{subsection.25.7.1} has been referenced but does not exist, replaced by a fixed one


pdfTeX warning (dest): name{section.25.7} has been referenced but does not exist, replaced by a fixed one


pdfTeX warning (dest): name{subsection.25.6.1} has been referenced but does not exist, replaced by a fixed one


pdfTeX warning (dest): name{section.25.6} has been referenced but does not exist, replaced by a fixed one


pdfTeX warning (dest): name{subsection.25.5.6} has been referenced but does not exist, replaced by a fixed one


pdfTeX warning (dest): name{subsection.25.5.5} has been referenced but does not exist, replaced by a fixed one


pdfTeX warning (dest): name{subsection.25.5.4} has been referenced but does not exist, replaced by a fixed one


pdfTeX warning (dest): name{subsection.25.5.3} has been referenced but does not exist, replaced by a fixed one


pdfTeX warning (dest): name{subsection.25.5.2} has been referenced but does not exist, replaced by a fixed one


pdfTeX warning (dest): name{subsection.25.5.1} has been referenced but does not exist, replaced by a fixed one


pdfTeX warning (dest): name{section.25.5} has been referenced but does not exist, replaced by a fixed one


pdfTeX warning (dest): name{subsection.25.4.1} has been referenced but does not exist, replaced by a fixed one


pdfTeX warning (dest): name{section.25.4} has been referenced but does not exist, replaced by a fixed one


pdfTeX warning (dest): name{section.25.3} has been referenced but does not exist, replaced by a fixed one


pdfTeX warning (dest): name{subsection.25.2.1} has been referenced but does not exist, replaced by a fixed one


pdfTeX warning (dest): name{subsection.23.0.4} has been referenced but does not exist, replaced by a fixed one


pdfTeX warning (dest): name{subsection.23.0.3} has been referenced but does not exist, replaced by a fixed one


pdfTeX warning (dest): name{subsection.23.0.2} has been referenced but does not exist, replaced by a fixed one


pdfTeX warning (dest): name{subsection.23.0.1} has been referenced but does not exist, replaced by a fixed one


pdfTeX warning (dest): name{section.21.5} has been referenced but does not exist, replaced by a fixed one


pdfTeX warning (dest): name{subsection.21.4.7} has been referenced but does not exist, replaced by a fixed one


pdfTeX warning (dest): name{subsection.21.4.6} has been referenced but does not exist, replaced by a fixed one


pdfTeX warning (dest): name{subsection.21.4.5} has been referenced but does not exist, replaced by a fixed one


pdfTeX warning (dest): name{subsection.21.4.4} has been referenced but does not exist, replaced by a fixed one


pdfTeX warning (dest): name{subsection.21.4.3} has been referenced but does not exist, replaced by a fixed one


pdfTeX warning (dest): name{subsection.21.4.2} has been referenced but does not exist, replaced by a fixed one


pdfTeX warning (dest): name{subsection.21.4.1} has been referenced but does not exist, replaced by a fixed one


pdfTeX warning (dest): name{section.21.4} has been referenced but does not exist, replaced by a fixed one


pdfTeX warning (dest): name{subsection.21.3.2} has been referenced but does not exist, replaced by a fixed one


pdfTeX warning (dest): name{subsection.21.3.1} has been referenced but does not exist, replaced by a fixed one


pdfTeX warning (dest): name{section.21.3} has been referenced but does not exist, replaced by a fixed one


pdfTeX warning (dest): name{subsection.21.2.3} has been referenced but does not exist, replaced by a fixed one


pdfTeX warning (dest): name{subsection.21.2.2} has been referenced but does not exist, replaced by a fixed one


pdfTeX warning (dest): name{subsection.21.2.1} has been referenced but does not exist, replaced by a fixed one


pdfTeX warning (dest): name{section.21.2} has been referenced but does not exist, replaced by a fixed one


pdfTeX warning (dest): name{subsection.21.1.4} has been referenced but does not exist, replaced by a fixed one


pdfTeX warning (dest): name{subsection.21.1.3} has been referenced but does not exist, replaced by a fixed one


pdfTeX warning (dest): name{subsection.21.1.2} has been referenced but does not exist, replaced by a fixed one


pdfTeX warning (dest): name{subsection.21.1.1} has been referenced but does not exist, replaced by a fixed one


pdfTeX warning (dest): name{section.21.1} has been referenced but does not exist, replaced by a fixed one


pdfTeX warning (dest): name{section.18.4} has been referenced but does not exist, replaced by a fixed one


pdfTeX warning (dest): name{section.18.3} has been referenced but does not exist, replaced by a fixed one


pdfTeX warning (dest): name{section.18.2} has been referenced but does not exist, replaced by a fixed one


pdfTeX warning (dest): name{section.18.1} has been referenced but does not exist, replaced by a fixed one


pdfTeX warning (dest): name{section.15.3} has been referenced but does not exist, replaced by a fixed one


pdfTeX warning (dest): name{section.15.2} has been referenced but does not exist, replaced by a fixed one


pdfTeX warning (dest): name{section.15.1} has been referenced but does not exist, replaced by a fixed one


pdfTeX warning (dest): name{section.14.3} has been referenced but does not exist, replaced by a fixed one


pdfTeX warning (dest): name{section.14.2} has been referenced but does not exist, replaced by a fixed one


pdfTeX warning (dest): name{section.11.2} has been referenced but does not exist, replaced by a fixed one


pdfTeX warning (dest): name{section.11.1} has been referenced but does not exist, replaced by a fixed one


pdfTeX warning (dest): name{section.8.3} has been referenced but does not exist, replaced by a fixed one


pdfTeX warning (dest): name{section.7.4} has been referenced but does not exist, replaced by a fixed one


pdfTeX warning (dest): name{section.7.3} has been referenced but does not exist, replaced by a fixed one


pdfTeX warning (dest): name{subsection.5.0.6} has been referenced but does not exist, replaced by a fixed one


pdfTeX warning (dest): name{subsection.5.0.5} has been referenced but does not exist, replaced by a fixed one


pdfTeX warning (dest): name{subsection.5.0.4} has been referenced but does not exist, replaced by a fixed one


pdfTeX warning (dest): name{subsection.5.0.3} has been referenced but does not exist, replaced by a fixed one


pdfTeX warning (dest): name{subsection.5.0.2} has been referenced but does not exist, replaced by a fixed one


pdfTeX warning (dest): name{subsection.5.0.1} has been referenced but does not exist, replaced by a fixed one


pdfTeX warning (dest): name{subsection.4.5.3} has been referenced but does not exist, replaced by a fixed one


pdfTeX warning (dest): name{subsection.4.5.2} has been referenced but does not exist, replaced by a fixed one


pdfTeX warning (dest): name{subsection.4.5.1} has been referenced but does not exist, replaced by a fixed one


pdfTeX warning (dest): name{section.4.5} has been referenced but does not exist, replaced by a fixed one


pdfTeX warning (dest): name{subsection.4.4.4} has been referenced but does not exist, replaced by a fixed one


pdfTeX warning (dest): name{subsection.4.4.3} has been referenced but does not exist, replaced by a fixed one


pdfTeX warning (dest): name{subsection.4.4.2} has been referenced but does not exist, replaced by a fixed one


pdfTeX warning (dest): name{subsection.4.4.1} has been referenced but does not exist, replaced by a fixed one


pdfTeX warning (dest): name{section.4.4} has been referenced but does not exist, replaced by a fixed one


pdfTeX warning (dest): name{subsection.4.3.6} has been referenced but does not exist, replaced by a fixed one


pdfTeX warning (dest): name{subsection.4.3.5} has been referenced but does not exist, replaced by a fixed one


pdfTeX warning (dest): name{subsection.4.3.4} has been referenced but does not exist, replaced by a fixed one


pdfTeX warning (dest): name{subsection.4.3.3} has been referenced but does not exist, replaced by a fixed one


pdfTeX warning (dest): name{subsection.4.3.2} has been referenced but does not exist, replaced by a fixed one


pdfTeX warning (dest): name{subsection.4.3.1} has been referenced but does not exist, replaced by a fixed one


pdfTeX warning (dest): name{section.4.3} has been referenced but does not exist, replaced by a fixed one


pdfTeX warning (dest): name{subsection.4.2.4} has been referenced but does not exist, replaced by a fixed one


pdfTeX warning (dest): name{subsection.4.2.3} has been referenced but does not exist, replaced by a fixed one


pdfTeX warning (dest): name{subsection.4.2.2} has been referenced but does not exist, replaced by a fixed one


pdfTeX warning (dest): name{subsection.4.2.1} has been referenced but does not exist, replaced by a fixed one


pdfTeX warning (dest): name{section.4.2} has been referenced but does not exist, replaced by a fixed one


pdfTeX warning (dest): name{subsection.4.1.2} has been referenced but does not exist, replaced by a fixed one


pdfTeX warning (dest): name{subsection.4.1.1} has been referenced but does not exist, replaced by a fixed one


pdfTeX warning (dest): name{section.4.1} has been referenced but does not exist, replaced by a fixed one

</Users/shreejitverma/Library/TinyTeX/texmf-dist/fonts/type1/public/lm/lmbx10.pfb></Users/shreejitverma/Library/TinyTeX/texmf-dist/fonts/type1/public/lm/lmbx12.pfb></Users/shreejitverma/Library/TinyTeX/texmf-dist/fonts/type1/public/lm/lmbxi10.pfb></Users/shreejitverma/Library/TinyTeX/texmf-dist/fonts/type1/public/lm/lmmi10.pfb></Users/shreejitverma/Library/TinyTeX/texmf-dist/fonts/type1/public/lm/lmr10.pfb></Users/shreejitverma/Library/TinyTeX/texmf-dist/fonts/type1/public/lm/lmr12.pfb></Users/shreejitverma/Library/TinyTeX/texmf-dist/fonts/type1/public/lm/lmr17.pfb></Users/shreejitverma/Library/TinyTeX/texmf-dist/fonts/type1/public/lm/lmr6.pfb></Users/shreejitverma/Library/TinyTeX/texmf-dist/fonts/type1/public/lm/lmri10.pfb></Users/shreejitverma/Library/TinyTeX/texmf-dist/fonts/type1/public/lm/lmtk10.pfb></Users/shreejitverma/Library/TinyTeX/texmf-dist/fonts/type1/public/lm/lmtt10.pfb></Users/shreejitverma/Library/TinyTeX/texmf-dist/fonts/type1/public/lm/lmtt9.pfb></Users/shreejitverma/Library/TinyTeX/texmf-dist/fonts/type1/public/lm/lmtti10.pfb>
Output written on CPP_Zero_to_Godhood.pdf (223 pages, 1082638 bytes).
PDF statistics:
 10203 PDF objects out of 10688 (max. 8388607)
 9852 compressed objects within 99 object streams
 5823 named destinations out of 6186 (max. 500000)
 4641 words of extra memory for PDF output out of 10000 (max. 10000000)

