\BOOKMARK [0][-]{chapter*.2}{\376\377\000P\000r\000e\000f\000a\000c\000e}{}% 1
\BOOKMARK [1][-]{section.0.1}{\376\377\000T\000h\000e\000\040\000C\000o\000m\000p\000l\000e\000t\000e\000\040\000C\000+\000+\000\040\000P\000r\000o\000g\000r\000a\000m\000m\000e\000r\000'\000s\000\040\000G\000u\000i\000d\000e\000:\000\040\000F\000r\000o\000m\000\040\000Z\000e\000r\000o\000\040\000t\000o\000\040\000G\000o\000d\000h\000o\000o\000d\000\040\000\050\000C\000+\000+\0009\0008\000\040\000t\000o\000\040\000C\000+\000+\0002\0006\000\051}{chapter*.2}% 2
\BOOKMARK [2][-]{subsection.0.1.1}{\376\377\000A\000b\000o\000u\000t\000\040\000t\000h\000e\000\040\000B\000o\000o\000k}{section.0.1}% 3
\BOOKMARK [2][-]{subsection.0.1.2}{\376\377\000A\000b\000o\000u\000t\000\040\000t\000h\000e\000\040\000A\000u\000t\000h\000o\000r}{section.0.1}% 4
\BOOKMARK [2][-]{subsection.0.1.3}{\376\377\000H\000o\000w\000\040\000t\000o\000\040\000U\000s\000e\000\040\000T\000h\000i\000s\000\040\000B\000o\000o\000k}{section.0.1}% 5
\BOOKMARK [-1][-]{part.1}{\376\377\000I\000\040\000V\000o\000l\000u\000m\000e\000\040\000I\000:\000\040\000C\000+\000+\0009\0008\000/\0000\0003\000\040\000-\000\040\000T\000h\000e\000\040\000F\000o\000u\000n\000d\000a\000t\000i\000o\000n}{}% 6
\BOOKMARK [0][-]{chapter.1}{\376\377\000F\000O\000U\000N\000D\000A\000T\000I\000O\000N\000S\000\040\000\046\000\040\000C\000O\000M\000P\000I\000L\000A\000T\000I\000O\000N\000\040\000M\000O\000D\000E\000L}{part.1}% 7
\BOOKMARK [0][-]{chapter.2}{\376\377\000A\000B\000S\000O\000L\000U\000T\000E\000\040\000B\000A\000S\000I\000C\000S\000\040\000\050\000C\000+\000+\0009\0008\000\051}{part.1}% 8
\BOOKMARK [1][-]{section.2.1}{\376\377\000G\000e\000t\000t\000i\000n\000g\000\040\000S\000t\000a\000r\000t\000e\000d}{chapter.2}% 9
\BOOKMARK [2][-]{subsection.2.1.1}{\376\377\000W\000h\000a\000t\000\040\000i\000s\000\040\000C\000+\000+\000?}{section.2.1}% 10
\BOOKMARK [2][-]{subsection.2.1.2}{\376\377\000Y\000o\000u\000r\000\040\000F\000i\000r\000s\000t\000\040\000P\000r\000o\000g\000r\000a\000m\000\040\000\050\000C\000+\000+\0009\0008\000\051}{section.2.1}% 11
\BOOKMARK [1][-]{section.2.2}{\376\377\000B\000a\000s\000i\000c\000\040\000T\000y\000p\000e\000s\000\040\000\046\000\040\000V\000a\000r\000i\000a\000b\000l\000e\000s}{chapter.2}% 12
\BOOKMARK [2][-]{subsection.2.2.1}{\376\377\000F\000u\000n\000d\000a\000m\000e\000n\000t\000a\000l\000\040\000T\000y\000p\000e\000s\000\040\000\050\000C\000+\000+\0009\0008\000\051}{section.2.2}% 13
\BOOKMARK [2][-]{subsection.2.2.2}{\376\377\000V\000a\000r\000i\000a\000b\000l\000e\000\040\000D\000e\000c\000l\000a\000r\000a\000t\000i\000o\000n\000\040\000\046\000\040\000I\000n\000i\000t\000i\000a\000l\000i\000z\000a\000t\000i\000o\000n}{section.2.2}% 14
\BOOKMARK [2][-]{subsection.2.2.3}{\376\377\000S\000c\000o\000p\000e\000\040\000\046\000\040\000L\000i\000f\000e\000t\000i\000m\000e\000\040\000\050\000C\000+\000+\0009\0008\000\051}{section.2.2}% 15
\BOOKMARK [2][-]{subsection.2.2.4}{\376\377\000D\000e\000e\000p\000\040\000D\000i\000v\000e\000:\000\040\000T\000h\000e\000\040\000M\000e\000m\000o\000r\000y\000\040\000M\000o\000d\000e\000l\000\040\000o\000f\000\040\000V\000a\000r\000i\000a\000b\000l\000e\000s}{section.2.2}% 16
\BOOKMARK [1][-]{section.2.3}{\376\377\000O\000p\000e\000r\000a\000t\000o\000r\000s\000\040\000\046\000\040\000C\000o\000n\000t\000r\000o\000l\000\040\000F\000l\000o\000w}{chapter.2}% 17
\BOOKMARK [2][-]{subsection.2.3.1}{\376\377\000A\000r\000i\000t\000h\000m\000e\000t\000i\000c\000\040\000O\000p\000e\000r\000a\000t\000o\000r\000s\000\040\000\050\000C\000+\000+\0009\0008\000\051}{section.2.3}% 18
\BOOKMARK [2][-]{subsection.2.3.2}{\376\377\000D\000e\000e\000p\000\040\000D\000i\000v\000e\000:\000\040\000B\000i\000t\000w\000i\000s\000e\000\040\000M\000a\000s\000t\000e\000r\000y\000\040\000\050\000L\000o\000w\000-\000L\000e\000v\000e\000l\000\040\000O\000p\000t\000i\000m\000i\000z\000a\000t\000i\000o\000n\000\051}{section.2.3}% 19
\BOOKMARK [2][-]{subsection.2.3.3}{\376\377\000C\000o\000m\000p\000a\000r\000i\000s\000o\000n\000\040\000\046\000\040\000L\000o\000g\000i\000c\000a\000l\000\040\000O\000p\000e\000r\000a\000t\000o\000r\000s\000\040\000\050\000C\000+\000+\0009\0008\000\051}{section.2.3}% 20
\BOOKMARK [2][-]{subsection.2.3.4}{\376\377\000I\000f\000-\000E\000l\000s\000e\000\040\000S\000t\000a\000t\000e\000m\000e\000n\000t\000s\000\040\000\050\000C\000+\000+\0009\0008\000\051}{section.2.3}% 21
\BOOKMARK [2][-]{subsection.2.3.5}{\376\377\000L\000o\000o\000p\000s\000\040\000\050\000C\000+\000+\0009\0008\000\051}{section.2.3}% 22
\BOOKMARK [2][-]{subsection.2.3.6}{\376\377\000S\000w\000i\000t\000c\000h\000\040\000S\000t\000a\000t\000e\000m\000e\000n\000t\000\040\000\050\000C\000+\000+\0009\0008\000\051}{section.2.3}% 23
\BOOKMARK [1][-]{section.2.4}{\376\377\000F\000u\000n\000c\000t\000i\000o\000n\000s}{chapter.2}% 24
\BOOKMARK [2][-]{subsection.2.4.1}{\376\377\000F\000u\000n\000c\000t\000i\000o\000n\000\040\000D\000e\000c\000l\000a\000r\000a\000t\000i\000o\000n\000\040\000\046\000\040\000D\000e\000f\000i\000n\000i\000t\000i\000o\000n\000\040\000\050\000C\000+\000+\0009\0008\000\051}{section.2.4}% 25
\BOOKMARK [2][-]{subsection.2.4.2}{\376\377\000P\000a\000r\000a\000m\000e\000t\000e\000r\000s\000\040\000\046\000\040\000R\000e\000t\000u\000r\000n\000\040\000V\000a\000l\000u\000e\000s\000\040\000\050\000C\000+\000+\0009\0008\000\051}{section.2.4}% 26
\BOOKMARK [2][-]{subsection.2.4.3}{\376\377\000D\000e\000f\000a\000u\000l\000t\000\040\000P\000a\000r\000a\000m\000e\000t\000e\000r\000s\000\040\000\050\000C\000+\000+\0009\0008\000\051}{section.2.4}% 27
\BOOKMARK [2][-]{subsection.2.4.4}{\376\377\000F\000u\000n\000c\000t\000i\000o\000n\000\040\000O\000v\000e\000r\000l\000o\000a\000d\000i\000n\000g\000\040\000\050\000C\000+\000+\0009\0008\000\051}{section.2.4}% 28
\BOOKMARK [1][-]{section.2.5}{\376\377\000A\000r\000r\000a\000y\000s\000\040\000\046\000\040\000P\000o\000i\000n\000t\000e\000r\000s}{chapter.2}% 29
\BOOKMARK [2][-]{subsection.2.5.1}{\376\377\000A\000r\000r\000a\000y\000s\000\040\000\050\000C\000+\000+\0009\0008\000\051}{section.2.5}% 30
\BOOKMARK [2][-]{subsection.2.5.2}{\376\377\000P\000o\000i\000n\000t\000e\000r\000s\000\040\000\050\000C\000+\000+\0009\0008\000\051}{section.2.5}% 31
\BOOKMARK [2][-]{subsection.2.5.3}{\376\377\000D\000y\000n\000a\000m\000i\000c\000\040\000M\000e\000m\000o\000r\000y\000\040\000\050\000C\000+\000+\0009\0008\000\051}{section.2.5}% 32
\BOOKMARK [0][-]{chapter.3}{\376\377\000T\000H\000E\000\040\000C\000+\000+\000\040\000C\000O\000M\000P\000I\000L\000A\000T\000I\000O\000N\000\040\000\046\000\040\000E\000X\000E\000C\000U\000T\000I\000O\000N\000\040\000M\000O\000D\000E\000L}{part.1}% 33
\BOOKMARK [1][-]{subsection.3.0.1}{\376\377\0001\000.\0005\000.\0001\000\040\000T\000h\000e\000\040\000B\000u\000i\000l\000d\000\040\000P\000i\000p\000e\000l\000i\000n\000e\000:\000\040\000F\000r\000o\000m\000\040\000S\000o\000u\000r\000c\000e\000\040\000t\000o\000\040\000B\000i\000n\000a\000r\000y}{chapter.3}% 34
\BOOKMARK [2][-]{subsection.3.0.2}{\376\377\0001\000.\0005\000.\0002\000\040\000T\000r\000a\000n\000s\000l\000a\000t\000i\000o\000n\000\040\000U\000n\000i\000t\000s\000\040\000\050\000T\000U\000\051\000\040\000\046\000\040\000L\000i\000n\000k\000a\000g\000e}{subsection.3.0.1}% 35
\BOOKMARK [2][-]{subsection.3.0.3}{\376\377\0001\000.\0005\000.\0003\000\040\000T\000h\000e\000\040\000O\000n\000e\000\040\000D\000e\000f\000i\000n\000i\000t\000i\000o\000n\000\040\000R\000u\000l\000e\000\040\000\050\000O\000D\000R\000\051}{subsection.3.0.1}% 36
\BOOKMARK [2][-]{subsection.3.0.4}{\376\377\0001\000.\0005\000.\0004\000\040\000P\000r\000o\000c\000e\000s\000s\000\040\000M\000e\000m\000o\000r\000y\000\040\000L\000a\000y\000o\000u\000t}{subsection.3.0.1}% 37
\BOOKMARK [2][-]{subsection.3.0.5}{\376\377\0001\000.\0005\000.\0005\000\040\000P\000r\000o\000g\000r\000a\000m\000\040\000S\000t\000a\000r\000t\000u\000p\000:\000\040\000B\000e\000f\000o\000r\000e\000\040\000m\000a\000i\000n\000\050\000\051}{subsection.3.0.1}% 38
\BOOKMARK [2][-]{subsection.3.0.6}{\376\377\0001\000.\0005\000.\0006\000\040\000D\000e\000e\000p\000\040\000D\000i\000v\000e\000\040\000i\000n\000t\000o\000\040\000D\000a\000t\000a\000\040\000R\000e\000p\000r\000e\000s\000e\000n\000t\000a\000t\000i\000o\000n}{subsection.3.0.1}% 39
\BOOKMARK [0][-]{chapter.4}{\376\377\000M\000E\000M\000O\000R\000Y\000,\000\040\000T\000Y\000P\000E\000S\000,\000\040\000A\000N\000D\000\040\000P\000O\000I\000N\000T\000E\000R\000S}{part.1}% 40
\BOOKMARK [0][-]{chapter.5}{\376\377\000A\000D\000V\000A\000N\000C\000E\000D\000\040\000P\000O\000I\000N\000T\000E\000R\000S\000\040\000\046\000\040\000M\000E\000M\000O\000R\000Y}{part.1}% 41
\BOOKMARK [1][-]{section.5.1}{\376\377\0001\000.\0001\000\040\000P\000o\000i\000n\000t\000e\000r\000\040\000t\000o\000\040\000C\000o\000n\000s\000t\000\040\000v\000s\000\040\000C\000o\000n\000s\000t\000\040\000P\000o\000i\000n\000t\000e\000r}{chapter.5}% 42
\BOOKMARK [1][-]{section.5.2}{\376\377\0001\000.\0002\000\040\000V\000o\000i\000d\000\040\000P\000o\000i\000n\000t\000e\000r\000s}{chapter.5}% 43
\BOOKMARK [1][-]{section.5.3}{\376\377\0001\000.\0003\000\040\000N\000u\000l\000l\000\040\000P\000o\000i\000n\000t\000e\000r\000\040\000S\000a\000f\000e\000t\000y}{chapter.5}% 44
\BOOKMARK [1][-]{section.5.4}{\376\377\0001\000.\0004\000\040\000M\000e\000m\000o\000r\000y\000\040\000L\000a\000y\000o\000u\000t\000\040\000\046\000\040\000A\000l\000i\000g\000n\000m\000e\000n\000t}{chapter.5}% 45
\BOOKMARK [0][-]{chapter.6}{\376\377\000A\000D\000V\000A\000N\000C\000E\000D\000\040\000A\000R\000R\000A\000Y\000S}{part.1}% 46
\BOOKMARK [1][-]{section.6.1}{\376\377\0004\000.\0001\000\040\000D\000y\000n\000a\000m\000i\000c\000\040\000A\000r\000r\000a\000y\000s}{chapter.6}% 47
\BOOKMARK [1][-]{section.6.2}{\376\377\0004\000.\0002\000\040\000V\000a\000r\000i\000a\000b\000l\000e\000\040\000L\000e\000n\000g\000t\000h\000\040\000A\000r\000r\000a\000y\000s\000\040\000\050\000N\000o\000n\000-\000s\000t\000a\000n\000d\000a\000r\000d\000\051}{chapter.6}% 48
\BOOKMARK [1][-]{section.6.3}{\376\377\0004\000.\0003\000\040\000A\000r\000r\000a\000y\000\040\000B\000o\000u\000n\000d\000s\000\040\000\046\000\040\000S\000a\000f\000e\000t\000y}{chapter.6}% 49
\BOOKMARK [0][-]{chapter.7}{\376\377\000C\000O\000N\000S\000T\000\040\000\046\000\040\000V\000O\000L\000A\000T\000I\000L\000E}{part.1}% 50
\BOOKMARK [1][-]{section.7.1}{\376\377\0001\0001\000.\0001\000\040\000C\000o\000n\000s\000t\000\040\000C\000o\000r\000r\000e\000c\000t\000n\000e\000s\000s}{chapter.7}% 51
\BOOKMARK [1][-]{section.7.2}{\376\377\0001\0001\000.\0002\000\040\000V\000o\000l\000a\000t\000i\000l\000e\000\040\000K\000e\000y\000w\000o\000r\000d}{chapter.7}% 52
\BOOKMARK [0][-]{chapter.8}{\376\377\000T\000Y\000P\000E\000\040\000C\000A\000S\000T\000I\000N\000G}{part.1}% 53
\BOOKMARK [1][-]{section.8.1}{\376\377\0008\000.\0001\000\040\000C\000-\000S\000t\000y\000l\000e\000\040\000C\000a\000s\000t\000i\000n\000g}{chapter.8}% 54
\BOOKMARK [1][-]{section.8.2}{\376\377\0008\000.\0002\000\040\000I\000m\000p\000l\000i\000c\000i\000t\000\040\000C\000o\000n\000v\000e\000r\000s\000i\000o\000n\000s}{chapter.8}% 55
\BOOKMARK [0][-]{chapter.9}{\376\377\000E\000N\000U\000M\000E\000R\000A\000T\000I\000O\000N\000\040\000\046\000\040\000U\000N\000I\000O\000N\000S}{part.1}% 56
\BOOKMARK [1][-]{section.9.1}{\376\377\0001\0000\000.\0001\000\040\000E\000n\000u\000m\000e\000r\000a\000t\000i\000o\000n\000s}{chapter.9}% 57
\BOOKMARK [1][-]{section.9.2}{\376\377\0001\0000\000.\0002\000\040\000U\000n\000i\000o\000n\000s}{chapter.9}% 58
\BOOKMARK [0][-]{chapter.10}{\376\377\000B\000I\000T\000W\000I\000S\000E\000\040\000O\000P\000E\000R\000A\000T\000I\000O\000N\000S}{part.1}% 59
\BOOKMARK [1][-]{section.10.1}{\376\377\0006\000.\0001\000\040\000B\000i\000t\000w\000i\000s\000e\000\040\000O\000p\000e\000r\000a\000t\000o\000r\000s}{chapter.10}% 60
\BOOKMARK [1][-]{section.10.2}{\376\377\0006\000.\0002\000\040\000B\000i\000t\000\040\000M\000a\000n\000i\000p\000u\000l\000a\000t\000i\000o\000n\000\040\000T\000e\000c\000h\000n\000i\000q\000u\000e\000s}{chapter.10}% 61
\BOOKMARK [0][-]{chapter.11}{\376\377\000C\000O\000N\000T\000R\000O\000L\000\040\000F\000L\000O\000W\000\040\000\046\000\040\000P\000R\000E\000P\000R\000O\000C\000E\000S\000S\000O\000R}{part.1}% 62
\BOOKMARK [0][-]{chapter.12}{\376\377\000A\000D\000V\000A\000N\000C\000E\000D\000\040\000C\000O\000N\000T\000R\000O\000L\000\040\000F\000L\000O\000W}{part.1}% 63
\BOOKMARK [1][-]{section.12.1}{\376\377\0009\000.\0001\000\040\000T\000e\000r\000n\000a\000r\000y\000\040\000O\000p\000e\000r\000a\000t\000o\000r}{chapter.12}% 64
\BOOKMARK [1][-]{section.12.2}{\376\377\0009\000.\0002\000\040\000g\000o\000t\000o\000\040\000S\000t\000a\000t\000e\000m\000e\000n\000t\000\040\000\050\000A\000v\000o\000i\000d\000\051}{chapter.12}% 65
\BOOKMARK [1][-]{section.12.3}{\376\377\0009\000.\0003\000\040\000L\000a\000b\000e\000l\000\040\000\046\000\040\000G\000o\000t\000o\000\040\000f\000o\000r\000\040\000E\000r\000r\000o\000r\000\040\000H\000a\000n\000d\000l\000i\000n\000g}{chapter.12}% 66
\BOOKMARK [0][-]{chapter.13}{\376\377\000P\000R\000E\000P\000R\000O\000C\000E\000S\000S\000O\000R\000\040\000D\000I\000R\000E\000C\000T\000I\000V\000E\000S}{part.1}% 67
\BOOKMARK [1][-]{section.13.1}{\376\377\0007\000.\0001\000\040\000\043\000d\000e\000f\000i\000n\000e\000\040\000a\000n\000d\000\040\000\043\000i\000n\000c\000l\000u\000d\000e}{chapter.13}% 68
\BOOKMARK [1][-]{section.13.2}{\376\377\0007\000.\0002\000\040\000C\000o\000n\000d\000i\000t\000i\000o\000n\000a\000l\000\040\000C\000o\000m\000p\000i\000l\000a\000t\000i\000o\000n}{chapter.13}% 69
\BOOKMARK [1][-]{section.13.3}{\376\377\0007\000.\0003\000\040\000P\000r\000a\000g\000m\000a\000\040\000D\000i\000r\000e\000c\000t\000i\000v\000e\000s}{chapter.13}% 70
\BOOKMARK [0][-]{chapter.14}{\376\377\000I\000N\000L\000I\000N\000E\000\040\000F\000U\000N\000C\000T\000I\000O\000N\000S\000\040\000\046\000\040\000M\000A\000C\000R\000O\000S}{part.1}% 71
\BOOKMARK [1][-]{section.14.1}{\376\377\0001\0002\000.\0001\000\040\000M\000a\000c\000r\000o\000\040\000F\000u\000n\000c\000t\000i\000o\000n\000s\000\040\000v\000s\000\040\000I\000n\000l\000i\000n\000e\000\040\000F\000u\000n\000c\000t\000i\000o\000n\000s}{chapter.14}% 72
\BOOKMARK [0][-]{chapter.15}{\376\377\000A\000D\000V\000A\000N\000C\000E\000D\000\040\000F\000U\000N\000C\000T\000I\000O\000N\000S\000\040\000\046\000\040\000C\000A\000L\000L\000B\000A\000C\000K\000S}{part.1}% 73
\BOOKMARK [0][-]{chapter.16}{\376\377\000A\000D\000V\000A\000N\000C\000E\000D\000\040\000F\000U\000N\000C\000T\000I\000O\000N\000S}{part.1}% 74
\BOOKMARK [1][-]{section.16.1}{\376\377\0002\000.\0001\000\040\000V\000a\000r\000i\000a\000d\000i\000c\000\040\000F\000u\000n\000c\000t\000i\000o\000n\000s}{chapter.16}% 75
\BOOKMARK [1][-]{section.16.2}{\376\377\0002\000.\0002\000\040\000F\000u\000n\000c\000t\000i\000o\000n\000\040\000R\000e\000c\000u\000r\000s\000i\000o\000n}{chapter.16}% 76
\BOOKMARK [1][-]{section.16.3}{\376\377\0002\000.\0003\000\040\000I\000n\000l\000i\000n\000e\000\040\000F\000u\000n\000c\000t\000i\000o\000n\000s}{chapter.16}% 77
\BOOKMARK [1][-]{section.16.4}{\376\377\0002\000.\0004\000\040\000S\000t\000a\000t\000i\000c\000\040\000F\000u\000n\000c\000t\000i\000o\000n\000s}{chapter.16}% 78
\BOOKMARK [0][-]{chapter.17}{\376\377\000F\000U\000N\000C\000T\000I\000O\000N\000\040\000P\000O\000I\000N\000T\000E\000R\000S\000\040\000\046\000\040\000C\000A\000L\000L\000B\000A\000C\000K\000S}{part.1}% 79
\BOOKMARK [1][-]{section.17.1}{\376\377\0003\000.\0001\000\040\000F\000u\000n\000c\000t\000i\000o\000n\000\040\000P\000o\000i\000n\000t\000e\000r\000s}{chapter.17}% 80
\BOOKMARK [1][-]{section.17.2}{\376\377\0003\000.\0002\000\040\000F\000u\000n\000c\000t\000i\000o\000n\000\040\000P\000o\000i\000n\000t\000e\000r\000\040\000A\000r\000r\000a\000y\000s}{chapter.17}% 81
\BOOKMARK [1][-]{section.17.3}{\376\377\0003\000.\0003\000\040\000C\000a\000l\000l\000b\000a\000c\000k\000s}{chapter.17}% 82
\BOOKMARK [0][-]{chapter.18}{\376\377\000O\000B\000J\000E\000C\000T\000-\000O\000R\000I\000E\000N\000T\000E\000D\000\040\000P\000R\000O\000G\000R\000A\000M\000M\000I\000N\000G\000:\000\040\000E\000N\000C\000A\000P\000S\000U\000L\000A\000T\000I\000O\000N\000\040\000\046\000\040\000D\000E\000S\000I\000G\000N}{part.1}% 83
\BOOKMARK [0][-]{chapter.19}{\376\377\000O\000B\000J\000E\000C\000T\000-\000O\000R\000I\000E\000N\000T\000E\000D\000\040\000P\000R\000O\000G\000R\000A\000M\000M\000I\000N\000G\000\040\000F\000U\000N\000D\000A\000M\000E\000N\000T\000A\000L\000S\000\040\000\050\000C\000+\000+\0009\0008\000\051}{part.1}% 84
\BOOKMARK [1][-]{section.19.1}{\376\377\000C\000L\000A\000S\000S\000E\000S\000\040\000\046\000\040\000O\000B\000J\000E\000C\000T\000S}{chapter.19}% 85
\BOOKMARK [2][-]{subsection.19.1.1}{\376\377\0001\000.\0001\000\040\000B\000a\000s\000i\000c\000\040\000C\000l\000a\000s\000s\000\040\000S\000t\000r\000u\000c\000t\000u\000r\000e}{section.19.1}% 86
\BOOKMARK [2][-]{subsection.19.1.2}{\376\377\0001\000.\0002\000\040\000A\000c\000c\000e\000s\000s\000\040\000M\000o\000d\000i\000f\000i\000e\000r\000s\000\040\000\046\000\040\000E\000n\000c\000a\000p\000s\000u\000l\000a\000t\000i\000o\000n}{section.19.1}% 87
\BOOKMARK [2][-]{subsection.19.1.3}{\376\377\0001\000.\0003\000\040\000C\000o\000n\000s\000t\000r\000u\000c\000t\000o\000r\000s\000\040\000\046\000\040\000D\000e\000s\000t\000r\000u\000c\000t\000o\000r\000s}{section.19.1}% 88
\BOOKMARK [2][-]{subsection.19.1.4}{\376\377\0001\000.\0004\000\040\000T\000h\000e\000\040\000R\000u\000l\000e\000\040\000o\000f\000\040\000T\000h\000r\000e\000e\000\040\000\050\000C\000+\000+\0009\0008\000\051}{section.19.1}% 89
\BOOKMARK [1][-]{section.19.2}{\376\377\000I\000N\000H\000E\000R\000I\000T\000A\000N\000C\000E\000\040\000\046\000\040\000P\000O\000L\000Y\000M\000O\000R\000P\000H\000I\000S\000M}{chapter.19}% 90
\BOOKMARK [2][-]{subsection.19.2.1}{\376\377\0002\000.\0001\000\040\000I\000n\000h\000e\000r\000i\000t\000a\000n\000c\000e\000\040\000B\000a\000s\000i\000c\000s}{section.19.2}% 91
\BOOKMARK [2][-]{subsection.19.2.2}{\376\377\0002\000.\0002\000\040\000V\000i\000r\000t\000u\000a\000l\000\040\000F\000u\000n\000c\000t\000i\000o\000n\000s\000\040\000\050\000P\000o\000l\000y\000m\000o\000r\000p\000h\000i\000s\000m\000\051}{section.19.2}% 92
\BOOKMARK [2][-]{subsection.19.2.3}{\376\377\0002\000.\0003\000\040\000P\000u\000r\000e\000\040\000V\000i\000r\000t\000u\000a\000l\000\040\000F\000u\000n\000c\000t\000i\000o\000n\000s\000\040\000\050\000A\000b\000s\000t\000r\000a\000c\000t\000\040\000C\000l\000a\000s\000s\000e\000s\000\051}{section.19.2}% 93
\BOOKMARK [1][-]{section.19.3}{\376\377\000A\000D\000V\000A\000N\000C\000E\000D\000\040\000C\000L\000A\000S\000S\000\040\000F\000E\000A\000T\000U\000R\000E\000S}{chapter.19}% 94
\BOOKMARK [2][-]{subsection.19.3.1}{\376\377\0003\000.\0001\000\040\000S\000t\000a\000t\000i\000c\000\040\000M\000e\000m\000b\000e\000r\000s}{section.19.3}% 95
\BOOKMARK [2][-]{subsection.19.3.2}{\376\377\0003\000.\0002\000\040\000F\000r\000i\000e\000n\000d\000\040\000C\000l\000a\000s\000s\000e\000s\000/\000F\000u\000n\000c\000t\000i\000o\000n\000s}{section.19.3}% 96
\BOOKMARK [1][-]{section.19.4}{\376\377\000P\000A\000R\000T\000\040\0002\000:\000\040\000G\000E\000N\000E\000R\000I\000C\000\040\000P\000R\000O\000G\000R\000A\000M\000M\000I\000N\000G\000\040\000\050\000T\000E\000M\000P\000L\000A\000T\000E\000S\000\051}{chapter.19}% 97
\BOOKMARK [2][-]{subsection.19.4.1}{\376\377\0004\000.\0001\000\040\000F\000u\000n\000c\000t\000i\000o\000n\000\040\000T\000e\000m\000p\000l\000a\000t\000e\000s}{section.19.4}% 98
\BOOKMARK [2][-]{subsection.19.4.2}{\376\377\0004\000.\0002\000\040\000C\000l\000a\000s\000s\000\040\000T\000e\000m\000p\000l\000a\000t\000e\000s}{section.19.4}% 99
\BOOKMARK [2][-]{subsection.19.4.3}{\376\377\0004\000.\0003\000\040\000M\000u\000l\000t\000i\000p\000l\000e\000\040\000T\000e\000m\000p\000l\000a\000t\000e\000\040\000P\000a\000r\000a\000m\000e\000t\000e\000r\000s}{section.19.4}% 100
\BOOKMARK [2][-]{subsection.19.4.4}{\376\377\0004\000.\0004\000\040\000N\000o\000n\000-\000T\000y\000p\000e\000\040\000T\000e\000m\000p\000l\000a\000t\000e\000\040\000P\000a\000r\000a\000m\000e\000t\000e\000r\000s}{section.19.4}% 101
\BOOKMARK [2][-]{subsection.19.4.5}{\376\377\0004\000.\0005\000\040\000T\000e\000m\000p\000l\000a\000t\000e\000\040\000S\000p\000e\000c\000i\000a\000l\000i\000z\000a\000t\000i\000o\000n}{section.19.4}% 102
\BOOKMARK [2][-]{subsection.19.4.6}{\376\377\0004\000.\0006\000\040\000T\000h\000e\000\040\000t\000y\000p\000e\000n\000a\000m\000e\000\040\000K\000e\000y\000w\000o\000r\000d}{section.19.4}% 103
\BOOKMARK [2][-]{subsection.19.4.7}{\376\377\0004\000.\0007\000\040\000T\000e\000m\000p\000l\000a\000t\000e\000s\000\040\000v\000s\000\040\000M\000a\000c\000r\000o\000s}{section.19.4}% 104
\BOOKMARK [1][-]{section.19.5}{\376\377\0001\0003\000.\0002\000\040\000N\000a\000m\000e\000s\000p\000a\000c\000e\000\040\000A\000l\000i\000a\000s\000e\000s}{chapter.19}% 105
\BOOKMARK [0][-]{chapter.20}{\376\377\000P\000O\000L\000Y\000M\000O\000R\000P\000H\000I\000S\000M\000\040\000\046\000\040\000V\000I\000R\000T\000U\000A\000L\000I\000Z\000A\000T\000I\000O\000N}{part.1}% 106
\BOOKMARK [0][-]{chapter.21}{\376\377\000D\000E\000E\000P\000\040\000O\000B\000J\000E\000C\000T\000\040\000M\000O\000D\000E\000L\000\040\000\046\000\040\000V\000I\000R\000T\000U\000A\000L\000I\000Z\000A\000T\000I\000O\000N}{part.1}% 107
\BOOKMARK [1][-]{subsection.21.0.1}{\376\377\0002\000.\0005\000.\0001\000\040\000T\000h\000e\000\040\000C\000o\000s\000t\000\040\000o\000f\000\040\000P\000o\000l\000y\000m\000o\000r\000p\000h\000i\000s\000m\000\040\000\050\000v\000p\000t\000r\000\040\000\046\000\040\000v\000t\000a\000b\000l\000e\000\051}{chapter.21}% 108
\BOOKMARK [2][-]{subsection.21.0.2}{\376\377\0002\000.\0005\000.\0002\000\040\000M\000u\000l\000t\000i\000p\000l\000e\000\040\000I\000n\000h\000e\000r\000i\000t\000a\000n\000c\000e\000\040\000\046\000\040\000T\000h\000u\000n\000k\000s}{subsection.21.0.1}% 109
\BOOKMARK [2][-]{subsection.21.0.3}{\376\377\0002\000.\0005\000.\0003\000\040\000V\000i\000r\000t\000u\000a\000l\000\040\000I\000n\000h\000e\000r\000i\000t\000a\000n\000c\000e\000\040\000\050\000T\000h\000e\000\040\000D\000i\000a\000m\000o\000n\000d\000\040\000P\000r\000o\000b\000l\000e\000m\000\051}{subsection.21.0.1}% 110
\BOOKMARK [2][-]{subsection.21.0.4}{\376\377\0002\000.\0005\000.\0004\000\040\000A\000l\000i\000g\000n\000m\000e\000n\000t\000\040\000\046\000\040\000P\000a\000d\000d\000i\000n\000g\000\040\000R\000u\000l\000e\000s}{subsection.21.0.1}% 111
\BOOKMARK [0][-]{chapter.22}{\376\377\000T\000H\000E\000\040\000S\000T\000A\000N\000D\000A\000R\000D\000\040\000T\000E\000M\000P\000L\000A\000T\000E\000\040\000L\000I\000B\000R\000A\000R\000Y\000\040\000\050\000S\000T\000L\000\051\000\040\000C\000O\000R\000E}{part.1}% 112
\BOOKMARK [0][-]{chapter.23}{\376\377\000C\000+\000+\0009\0008\000/\0000\0003\000\040\000S\000T\000A\000N\000D\000A\000R\000D\000\040\000L\000I\000B\000R\000A\000R\000Y}{part.1}% 113
\BOOKMARK [1][-]{section.23.1}{\376\377\000S\000t\000a\000n\000d\000a\000r\000d\000\040\000T\000e\000m\000p\000l\000a\000t\000e\000\040\000L\000i\000b\000r\000a\000r\000y\000\040\000\050\000S\000T\000L\000\051}{chapter.23}% 114
\BOOKMARK [1][-]{section.23.2}{\376\377\000I\000n\000t\000r\000o\000d\000u\000c\000t\000i\000o\000n\000\040\000t\000o\000\040\000S\000T\000L}{chapter.23}% 115
\BOOKMARK [2][-]{subsection.23.2.1}{\376\377\000K\000e\000y\000\040\000A\000d\000v\000a\000n\000t\000a\000g\000e\000s}{section.23.2}% 116
\BOOKMARK [1][-]{section.23.3}{\376\377\000S\000T\000L\000\040\000C\000o\000m\000p\000o\000n\000e\000n\000t\000s\000\040\000O\000v\000e\000r\000v\000i\000e\000w}{chapter.23}% 117
\BOOKMARK [1][-]{section.23.4}{\376\377\000C\000O\000N\000T\000A\000I\000N\000E\000R\000S\000\040\000-\000\040\000C\000O\000M\000P\000L\000E\000T\000E\000\040\000R\000E\000F\000E\000R\000E\000N\000C\000E}{chapter.23}% 118
\BOOKMARK [2][-]{subsection.23.4.1}{\376\377\000C\000o\000n\000t\000a\000i\000n\000e\000r\000\040\000C\000h\000a\000r\000a\000c\000t\000e\000r\000i\000s\000t\000i\000c\000s\000\040\000\050\000C\000+\000+\0009\0008\000\051}{section.23.4}% 119
\BOOKMARK [1][-]{section.23.5}{\376\377\0001\000.\0001\000\040\000V\000E\000C\000T\000O\000R\000\040\000-\000\040\000D\000y\000n\000a\000m\000i\000c\000\040\000A\000r\000r\000a\000y}{chapter.23}% 120
\BOOKMARK [2][-]{subsection.23.5.1}{\376\377\000W\000h\000a\000t\000\040\000i\000s\000\040\000V\000e\000c\000t\000o\000r\000?}{section.23.5}% 121
\BOOKMARK [2][-]{subsection.23.5.2}{\376\377\000D\000e\000c\000l\000a\000r\000a\000t\000i\000o\000n\000\040\000\046\000\040\000I\000n\000i\000t\000i\000a\000l\000i\000z\000a\000t\000i\000o\000n}{section.23.5}% 122
\BOOKMARK [2][-]{subsection.23.5.3}{\376\377\000A\000c\000c\000e\000s\000s\000i\000n\000g\000\040\000E\000l\000e\000m\000e\000n\000t\000s}{section.23.5}% 123
\BOOKMARK [2][-]{subsection.23.5.4}{\376\377\000M\000o\000d\000i\000f\000y\000i\000n\000g\000\040\000E\000l\000e\000m\000e\000n\000t\000s}{section.23.5}% 124
\BOOKMARK [2][-]{subsection.23.5.5}{\376\377\000S\000i\000z\000e\000\040\000\046\000\040\000C\000a\000p\000a\000c\000i\000t\000y}{section.23.5}% 125
\BOOKMARK [2][-]{subsection.23.5.6}{\376\377\000I\000t\000e\000r\000a\000t\000i\000n\000g\000\040\000T\000h\000r\000o\000u\000g\000h\000\040\000V\000e\000c\000t\000o\000r}{section.23.5}% 126
\BOOKMARK [1][-]{section.23.6}{\376\377\0001\000.\0002\000\040\000D\000E\000Q\000U\000E\000\040\000-\000\040\000D\000o\000u\000b\000l\000e\000\040\000E\000n\000d\000e\000d\000\040\000Q\000u\000e\000u\000e}{chapter.23}% 127
\BOOKMARK [2][-]{subsection.23.6.1}{\376\377\000W\000h\000a\000t\000\040\000i\000s\000\040\000D\000e\000q\000u\000e\000?}{section.23.6}% 128
\BOOKMARK [1][-]{section.23.7}{\376\377\0001\000.\0003\000\040\000L\000I\000S\000T\000\040\000-\000\040\000D\000o\000u\000b\000l\000y\000\040\000L\000i\000n\000k\000e\000d\000\040\000L\000i\000s\000t}{chapter.23}% 129
\BOOKMARK [2][-]{subsection.23.7.1}{\376\377\000W\000h\000a\000t\000\040\000i\000s\000\040\000L\000i\000s\000t\000?}{section.23.7}% 130
\BOOKMARK [1][-]{section.23.8}{\376\377\0001\000.\0004\000\040\000M\000A\000P\000\040\000-\000\040\000S\000o\000r\000t\000e\000d\000\040\000K\000e\000y\000-\000V\000a\000l\000u\000e\000\040\000P\000a\000i\000r\000s}{chapter.23}% 131
\BOOKMARK [2][-]{subsection.23.8.1}{\376\377\000W\000h\000a\000t\000\040\000i\000s\000\040\000M\000a\000p\000?}{section.23.8}% 132
\BOOKMARK [1][-]{section.23.9}{\376\377\0001\000.\0005\000\040\000S\000E\000T\000\040\000-\000\040\000S\000o\000r\000t\000e\000d\000\040\000U\000n\000i\000q\000u\000e\000\040\000K\000e\000y\000s}{chapter.23}% 133
\BOOKMARK [2][-]{subsection.23.9.1}{\376\377\000W\000h\000a\000t\000\040\000i\000s\000\040\000S\000e\000t\000?}{section.23.9}% 134
\BOOKMARK [1][-]{section.23.10}{\376\377\0001\000.\0006\000\040\000M\000U\000L\000T\000I\000M\000A\000P\000\040\000\046\000\040\000M\000U\000L\000T\000I\000S\000E\000T}{chapter.23}% 135
\BOOKMARK [1][-]{section.23.11}{\376\377\0001\000.\0007\000\040\000S\000T\000A\000C\000K\000\040\000\050\000A\000d\000a\000p\000t\000e\000r\000\051}{chapter.23}% 136
\BOOKMARK [1][-]{section.23.12}{\376\377\0001\000.\0008\000\040\000Q\000U\000E\000U\000E\000\040\000\050\000A\000d\000a\000p\000t\000e\000r\000\051}{chapter.23}% 137
\BOOKMARK [1][-]{section.23.13}{\376\377\0001\000.\0009\000\040\000P\000R\000I\000O\000R\000I\000T\000Y\000\137\000Q\000U\000E\000U\000E\000\040\000\050\000A\000d\000a\000p\000t\000e\000r\000\051}{chapter.23}% 138
\BOOKMARK [1][-]{section.23.14}{\376\377\000I\000T\000E\000R\000A\000T\000O\000R\000S}{chapter.23}% 139
\BOOKMARK [2][-]{subsection.23.14.1}{\376\377\000C\000a\000t\000e\000g\000o\000r\000i\000e\000s}{section.23.14}% 140
\BOOKMARK [2][-]{subsection.23.14.2}{\376\377\000O\000p\000e\000r\000a\000t\000i\000o\000n\000s}{section.23.14}% 141
\BOOKMARK [1][-]{section.23.15}{\376\377\000A\000L\000G\000O\000R\000I\000T\000H\000M\000S}{chapter.23}% 142
\BOOKMARK [2][-]{subsection.23.15.1}{\376\377\0001\000.\000\040\000N\000o\000n\000-\000M\000o\000d\000i\000f\000y\000i\000n\000g}{section.23.15}% 143
\BOOKMARK [2][-]{subsection.23.15.2}{\376\377\0002\000.\000\040\000M\000o\000d\000i\000f\000y\000i\000n\000g}{section.23.15}% 144
\BOOKMARK [2][-]{subsection.23.15.3}{\376\377\0003\000.\000\040\000S\000o\000r\000t\000i\000n\000g}{section.23.15}% 145
\BOOKMARK [2][-]{subsection.23.15.4}{\376\377\0004\000.\000\040\000B\000i\000n\000a\000r\000y\000\040\000S\000e\000a\000r\000c\000h\000\040\000\050\000O\000n\000\040\000S\000o\000r\000t\000e\000d\000\040\000R\000a\000n\000g\000e\000s\000\051}{section.23.15}% 146
\BOOKMARK [2][-]{subsection.23.15.5}{\376\377\0005\000.\000\040\000S\000e\000t\000\040\000O\000p\000e\000r\000a\000t\000i\000o\000n\000s\000\040\000\050\000O\000n\000\040\000S\000o\000r\000t\000e\000d\000\040\000R\000a\000n\000g\000e\000s\000\051}{section.23.15}% 147
\BOOKMARK [2][-]{subsection.23.15.6}{\376\377\0006\000.\000\040\000N\000u\000m\000e\000r\000i\000c\000\040\000\050\000\051}{section.23.15}% 148
\BOOKMARK [2][-]{subsection.23.15.7}{\376\377\000E\000x\000a\000m\000p\000l\000e\000:\000\040\000S\000o\000r\000t\000\040\000a\000n\000d\000\040\000F\000i\000n\000d}{section.23.15}% 149
\BOOKMARK [1][-]{section.23.16}{\376\377\000S\000T\000R\000I\000N\000G\000S\000\040\000\050\000s\000t\000d\000:\000:\000s\000t\000r\000i\000n\000g\000\051}{chapter.23}% 150
\BOOKMARK [1][-]{section.23.17}{\376\377\000S\000T\000R\000E\000A\000M\000S\000\040\000\050\000I\000O\000S\000T\000R\000E\000A\000M\000\051}{chapter.23}% 151
\BOOKMARK [2][-]{subsection.23.17.1}{\376\377\000F\000i\000l\000e\000\040\000I\000/\000O\000\040\000\050\000\051}{section.23.17}% 152
\BOOKMARK [2][-]{subsection.23.17.2}{\376\377\000S\000t\000r\000i\000n\000g\000\040\000S\000t\000r\000e\000a\000m\000s\000\040\000\050\000\051}{section.23.17}% 153
\BOOKMARK [1][-]{section.23.18}{\376\377\000F\000U\000N\000C\000T\000O\000R\000S\000\040\000\050\000F\000u\000n\000c\000t\000i\000o\000n\000\040\000O\000b\000j\000e\000c\000t\000s\000\051}{chapter.23}% 154
\BOOKMARK [0][-]{chapter.24}{\376\377\000A\000D\000V\000A\000N\000C\000E\000D\000\040\000S\000T\000R\000I\000N\000G\000S}{part.1}% 155
\BOOKMARK [1][-]{section.24.1}{\376\377\0005\000.\0001\000\040\000S\000t\000r\000i\000n\000g\000\040\000M\000a\000n\000i\000p\000u\000l\000a\000t\000i\000o\000n}{chapter.24}% 156
\BOOKMARK [1][-]{section.24.2}{\376\377\0005\000.\0002\000\040\000S\000t\000r\000i\000n\000g\000\040\000C\000o\000n\000v\000e\000r\000s\000i\000o\000n}{chapter.24}% 157
\BOOKMARK [1][-]{section.24.3}{\376\377\0005\000.\0003\000\040\000S\000t\000r\000i\000n\000g\000\040\000T\000o\000k\000e\000n\000i\000z\000a\000t\000i\000o\000n}{chapter.24}% 158
\BOOKMARK [0][-]{chapter.25}{\376\377\000F\000I\000L\000E\000\040\000I\000/\000O\000\040\000A\000D\000V\000A\000N\000C\000E\000D}{part.1}% 159
\BOOKMARK [1][-]{section.25.1}{\376\377\0001\0004\000.\0001\000\040\000B\000i\000n\000a\000r\000y\000\040\000F\000i\000l\000e\000\040\000I\000/\000O}{chapter.25}% 160
\BOOKMARK [1][-]{section.25.2}{\376\377\0001\0004\000.\0002\000\040\000S\000t\000r\000e\000a\000m\000\040\000P\000o\000s\000i\000t\000i\000o\000n\000i\000n\000g}{chapter.25}% 161
\BOOKMARK [0][-]{chapter.26}{\376\377\000S\000T\000L\000\040\000I\000N\000T\000E\000R\000N\000A\000L\000S\000\040\000D\000E\000E\000P\000\040\000D\000I\000V\000E}{part.1}% 162
\BOOKMARK [0][-]{chapter.27}{\376\377\000S\000T\000L\000\040\000I\000N\000T\000E\000R\000N\000A\000L\000S\000\040\000D\000E\000E\000P\000\040\000D\000I\000V\000E\000\040\000\050\000C\000+\000+\0009\0008\000\051}{part.1}% 163
\BOOKMARK [1][-]{subsection.27.0.1}{\376\377\0001\000.\000\040\000T\000h\000e\000\040\000T\000r\000u\000t\000h\000\040\000A\000b\000o\000u\000t\000\040\000s\000t\000d\000:\000:\000v\000e\000c\000t\000o\000r}{chapter.27}% 164
\BOOKMARK [2][-]{subsection.27.0.2}{\376\377\0002\000.\000\040\000T\000h\000e\000\040\000s\000t\000d\000:\000:\000d\000e\000q\000u\000e\000\040\000I\000m\000p\000l\000e\000m\000e\000n\000t\000a\000t\000i\000o\000n}{subsection.27.0.1}% 165
\BOOKMARK [2][-]{subsection.27.0.3}{\376\377\0003\000.\000\040\000W\000h\000y\000\040\000s\000t\000d\000:\000:\000l\000i\000s\000t\000\040\000i\000s\000\040\000\050\000A\000l\000m\000o\000s\000t\000\051\000\040\000A\000l\000w\000a\000y\000s\000\040\000W\000r\000o\000n\000g}{subsection.27.0.1}% 166
\BOOKMARK [2][-]{subsection.27.0.4}{\376\377\0004\000.\000\040\000A\000s\000s\000o\000c\000i\000a\000t\000i\000v\000e\000\040\000C\000o\000n\000t\000a\000i\000n\000e\000r\000s\000\040\000\050\000M\000a\000p\000/\000S\000e\000t\000\051}{subsection.27.0.1}% 167
\BOOKMARK [2][-]{subsection.27.0.5}{\376\377\0005\000.\000\040\000I\000t\000e\000r\000a\000t\000o\000r\000\040\000I\000n\000v\000a\000l\000i\000d\000a\000t\000i\000o\000n\000\040\000C\000h\000e\000a\000t\000\040\000S\000h\000e\000e\000t}{subsection.27.0.1}% 168
\BOOKMARK [0][-]{chapter.28}{\376\377\000E\000R\000R\000O\000R\000\040\000H\000A\000N\000D\000L\000I\000N\000G\000\040\000\046\000\040\000R\000O\000B\000U\000S\000T\000N\000E\000S\000S}{part.1}% 169
\BOOKMARK [0][-]{chapter.29}{\376\377\000E\000R\000R\000O\000R\000\040\000H\000A\000N\000D\000L\000I\000N\000G\000\040\000\046\000\040\000D\000E\000B\000U\000G\000G\000I\000N\000G\000\040\000\050\000C\000+\000+\0009\0008\000\051}{part.1}% 170
\BOOKMARK [1][-]{section.29.1}{\376\377\0001\000.\000\040\000A\000S\000S\000E\000R\000T\000I\000O\000N\000S}{chapter.29}% 171
\BOOKMARK [1][-]{section.29.2}{\376\377\0002\000.\000\040\000E\000X\000C\000E\000P\000T\000I\000O\000N\000S}{chapter.29}% 172
\BOOKMARK [2][-]{subsection.29.2.1}{\376\377\0002\000.\0001\000\040\000B\000a\000s\000i\000c\000\040\000T\000r\000y\000-\000C\000a\000t\000c\000h}{section.29.2}% 173
\BOOKMARK [2][-]{subsection.29.2.2}{\376\377\0002\000.\0002\000\040\000C\000a\000t\000c\000h\000i\000n\000g\000\040\000M\000u\000l\000t\000i\000p\000l\000e\000\040\000T\000y\000p\000e\000s}{section.29.2}% 174
\BOOKMARK [2][-]{subsection.29.2.3}{\376\377\0002\000.\0003\000\040\000S\000t\000a\000n\000d\000a\000r\000d\000\040\000E\000x\000c\000e\000p\000t\000i\000o\000n\000s}{section.29.2}% 175
\BOOKMARK [2][-]{subsection.29.2.4}{\376\377\0002\000.\0004\000\040\000E\000x\000c\000e\000p\000t\000i\000o\000n\000\040\000S\000p\000e\000c\000i\000f\000i\000c\000a\000t\000i\000o\000n\000s\000\040\000\050\000C\000+\000+\0009\0008\000\051}{section.29.2}% 176
\BOOKMARK [2][-]{subsection.29.2.5}{\376\377\0002\000.\0005\000\040\000S\000t\000a\000c\000k\000\040\000U\000n\000w\000i\000n\000d\000i\000n\000g\000\040\000\046\000\040\000R\000A\000I\000I}{section.29.2}% 177
\BOOKMARK [1][-]{section.29.3}{\376\377\0003\000.\000\040\000D\000E\000B\000U\000G\000G\000I\000N\000G\000\040\000S\000T\000R\000A\000T\000E\000G\000I\000E\000S}{chapter.29}% 178
\BOOKMARK [2][-]{subsection.29.3.1}{\376\377\0003\000.\0001\000\040\000D\000e\000b\000u\000g\000\040\000M\000a\000c\000r\000o\000s\000\040\000\050\000C\000+\000+\0009\0008\000\040\000S\000t\000y\000l\000e\000\051}{section.29.3}% 179
\BOOKMARK [-1][-]{part.2}{\376\377\000I\000I\000\040\000V\000o\000l\000u\000m\000e\000\040\000I\000I\000:\000\040\000C\000+\000+\0001\0001\000\040\000-\000\040\000T\000h\000e\000\040\000M\000o\000d\000e\000r\000n\000\040\000R\000e\000v\000o\000l\000u\000t\000i\000o\000n}{}% 180
\BOOKMARK [0][-]{chapter.30}{\376\377\000T\000H\000E\000\040\000M\000O\000D\000E\000R\000N\000\040\000C\000+\000+\0001\0001\000\040\000C\000O\000R\000E\000:\000\040\000S\000Y\000N\000T\000A\000X\000\040\000\046\000\040\000T\000Y\000P\000E\000\040\000S\000Y\000S\000T\000E\000M}{part.2}% 181
\BOOKMARK [1][-]{section.30.1}{\376\377\0001\000.\000\040\000T\000y\000p\000e\000\040\000I\000n\000f\000e\000r\000e\000n\000c\000e\000\040\000\046\000\040\000S\000a\000f\000e\000t\000y}{chapter.30}% 182
\BOOKMARK [2][-]{subsection.30.1.1}{\376\377\0001\000.\0001\000\040\000a\000u\000t\000o\000:\000\040\000A\000u\000t\000o\000m\000a\000t\000i\000c\000\040\000T\000y\000p\000e\000\040\000D\000e\000d\000u\000c\000t\000i\000o\000n}{section.30.1}% 183
\BOOKMARK [2][-]{subsection.30.1.2}{\376\377\0001\000.\0002\000\040\000d\000e\000c\000l\000t\000y\000p\000e\000:\000\040\000I\000n\000s\000p\000e\000c\000t\000i\000n\000g\000\040\000T\000y\000p\000e\000s}{section.30.1}% 184
\BOOKMARK [2][-]{subsection.30.1.3}{\376\377\0001\000.\0003\000\040\000n\000u\000l\000l\000p\000t\000r\000:\000\040\000T\000h\000e\000\040\000N\000u\000l\000l\000\040\000P\000o\000i\000n\000t\000e\000r\000\040\000L\000i\000t\000e\000r\000a\000l}{section.30.1}% 185
\BOOKMARK [1][-]{section.30.2}{\376\377\0002\000.\000\040\000I\000n\000i\000t\000i\000a\000l\000i\000z\000a\000t\000i\000o\000n\000\040\000U\000n\000i\000f\000o\000r\000m\000i\000t\000y}{chapter.30}% 186
\BOOKMARK [2][-]{subsection.30.2.1}{\376\377\0002\000.\0001\000\040\000U\000n\000i\000f\000o\000r\000m\000\040\000I\000n\000i\000t\000i\000a\000l\000i\000z\000a\000t\000i\000o\000n\000\040\000\050\000B\000r\000a\000c\000e\000\040\000I\000n\000i\000t\000i\000a\000l\000i\000z\000a\000t\000i\000o\000n\000\051}{section.30.2}% 187
\BOOKMARK [2][-]{subsection.30.2.2}{\376\377\0002\000.\0002\000\040\000s\000t\000d\000:\000:\000i\000n\000i\000t\000i\000a\000l\000i\000z\000e\000r\000\137\000l\000i\000s\000t}{section.30.2}% 188
\BOOKMARK [1][-]{section.30.3}{\376\377\0003\000.\000\040\000C\000o\000n\000t\000r\000o\000l\000\040\000F\000l\000o\000w\000\040\000\046\000\040\000I\000t\000e\000r\000a\000t\000i\000o\000n}{chapter.30}% 189
\BOOKMARK [2][-]{subsection.30.3.1}{\376\377\0003\000.\0001\000\040\000R\000a\000n\000g\000e\000-\000B\000a\000s\000e\000d\000\040\000F\000o\000r\000\040\000L\000o\000o\000p\000s}{section.30.3}% 190
\BOOKMARK [1][-]{section.30.4}{\376\377\0004\000.\000\040\000C\000l\000a\000s\000s\000\040\000F\000e\000a\000t\000u\000r\000e\000s}{chapter.30}% 191
\BOOKMARK [2][-]{subsection.30.4.1}{\376\377\0004\000.\0001\000\040\000E\000x\000p\000l\000i\000c\000i\000t\000\040\000O\000v\000e\000r\000r\000i\000d\000e\000s\000\040\000\050\000o\000v\000e\000r\000r\000i\000d\000e\000,\000\040\000f\000i\000n\000a\000l\000\051}{section.30.4}% 192
\BOOKMARK [2][-]{subsection.30.4.2}{\376\377\0004\000.\0002\000\040\000D\000e\000f\000a\000u\000l\000t\000e\000d\000\040\000a\000n\000d\000\040\000D\000e\000l\000e\000t\000e\000d\000\040\000F\000u\000n\000c\000t\000i\000o\000n\000s}{section.30.4}% 193
\BOOKMARK [2][-]{subsection.30.4.3}{\376\377\0004\000.\0003\000\040\000S\000t\000r\000o\000n\000g\000l\000y\000\040\000T\000y\000p\000e\000d\000\040\000E\000n\000u\000m\000s\000\040\000\050\000e\000n\000u\000m\000\040\000c\000l\000a\000s\000s\000\051}{section.30.4}% 194
\BOOKMARK [2][-]{subsection.30.4.4}{\376\377\0004\000.\0004\000\040\000D\000e\000l\000e\000g\000a\000t\000i\000n\000g\000\040\000C\000o\000n\000s\000t\000r\000u\000c\000t\000o\000r\000s}{section.30.4}% 195
\BOOKMARK [1][-]{section.30.5}{\376\377\0005\000.\000\040\000c\000o\000n\000s\000t\000e\000x\000p\000r\000\040\000\050\000C\000+\000+\0001\0001\000\040\000V\000e\000r\000s\000i\000o\000n\000\051}{chapter.30}% 196
\BOOKMARK [1][-]{section.30.6}{\376\377\0006\000.\000\040\000S\000t\000a\000t\000i\000c\000\040\000A\000s\000s\000e\000r\000t}{chapter.30}% 197
\BOOKMARK [0][-]{chapter.31}{\376\377\000M\000O\000V\000E\000\040\000S\000E\000M\000A\000N\000T\000I\000C\000S\000\040\000\046\000\040\000S\000M\000A\000R\000T\000\040\000P\000O\000I\000N\000T\000E\000R\000S}{part.2}% 198
\BOOKMARK [1][-]{section.31.1}{\376\377\0001\000.\000\040\000R\000v\000a\000l\000u\000e\000\040\000R\000e\000f\000e\000r\000e\000n\000c\000e\000s\000\040\000\046\000\040\000M\000o\000v\000e\000\040\000S\000e\000m\000a\000n\000t\000i\000c\000s}{chapter.31}% 199
\BOOKMARK [2][-]{subsection.31.1.1}{\376\377\0001\000.\0001\000\040\000L\000v\000a\000l\000u\000e\000s\000\040\000v\000s\000\040\000R\000v\000a\000l\000u\000e\000s}{section.31.1}% 200
\BOOKMARK [2][-]{subsection.31.1.2}{\376\377\0001\000.\0002\000\040\000R\000v\000a\000l\000u\000e\000\040\000R\000e\000f\000e\000r\000e\000n\000c\000e\000s\000\040\000\050\000T\000\046\000\046\000\051}{section.31.1}% 201
\BOOKMARK [2][-]{subsection.31.1.3}{\376\377\0001\000.\0003\000\040\000M\000o\000v\000e\000\040\000C\000o\000n\000s\000t\000r\000u\000c\000t\000o\000r\000\040\000\046\000\040\000M\000o\000v\000e\000\040\000A\000s\000s\000i\000g\000n\000m\000e\000n\000t}{section.31.1}% 202
\BOOKMARK [2][-]{subsection.31.1.4}{\376\377\0001\000.\0004\000\040\000s\000t\000d\000:\000:\000m\000o\000v\000e}{section.31.1}% 203
\BOOKMARK [1][-]{section.31.2}{\376\377\0002\000.\000\040\000S\000m\000a\000r\000t\000\040\000P\000o\000i\000n\000t\000e\000r\000s\000\040\000\050\000R\000A\000I\000I\000\051}{chapter.31}% 204
\BOOKMARK [2][-]{subsection.31.2.1}{\376\377\0002\000.\0001\000\040\000s\000t\000d\000:\000:\000u\000n\000i\000q\000u\000e\000\137\000p\000t\000r}{section.31.2}% 205
\BOOKMARK [2][-]{subsection.31.2.2}{\376\377\0002\000.\0002\000\040\000s\000t\000d\000:\000:\000s\000h\000a\000r\000e\000d\000\137\000p\000t\000r}{section.31.2}% 206
\BOOKMARK [2][-]{subsection.31.2.3}{\376\377\0002\000.\0003\000\040\000s\000t\000d\000:\000:\000w\000e\000a\000k\000\137\000p\000t\000r}{section.31.2}% 207
\BOOKMARK [2][-]{subsection.31.2.4}{\376\377\0002\000.\0004\000\040\000s\000t\000d\000:\000:\000m\000a\000k\000e\000\137\000s\000h\000a\000r\000e\000d\000\040\000v\000s\000\040\000n\000e\000w}{section.31.2}% 208
\BOOKMARK [1][-]{section.31.3}{\376\377\0003\000.\000\040\000P\000e\000r\000f\000e\000c\000t\000\040\000F\000o\000r\000w\000a\000r\000d\000i\000n\000g}{chapter.31}% 209
\BOOKMARK [0][-]{chapter.32}{\376\377\000F\000U\000N\000C\000T\000I\000O\000N\000A\000L\000\040\000P\000R\000O\000G\000R\000A\000M\000M\000I\000N\000G\000\040\000I\000N\000\040\000C\000+\000+\0001\0001}{part.2}% 210
\BOOKMARK [1][-]{section.32.1}{\376\377\0001\000.\000\040\000L\000a\000m\000b\000d\000a\000\040\000E\000x\000p\000r\000e\000s\000s\000i\000o\000n\000s}{chapter.32}% 211
\BOOKMARK [2][-]{subsection.32.1.1}{\376\377\0001\000.\0001\000\040\000B\000a\000s\000i\000c\000\040\000S\000y\000n\000t\000a\000x}{section.32.1}% 212
\BOOKMARK [2][-]{subsection.32.1.2}{\376\377\0001\000.\0002\000\040\000C\000a\000p\000t\000u\000r\000e\000\040\000L\000i\000s\000t\000s}{section.32.1}% 213
\BOOKMARK [2][-]{subsection.32.1.3}{\376\377\0001\000.\0003\000\040\000M\000u\000t\000a\000b\000l\000e\000\040\000L\000a\000m\000b\000d\000a\000s}{section.32.1}% 214
\BOOKMARK [1][-]{section.32.2}{\376\377\0002\000.\000\040\000s\000t\000d\000:\000:\000f\000u\000n\000c\000t\000i\000o\000n}{chapter.32}% 215
\BOOKMARK [1][-]{section.32.3}{\376\377\0003\000.\000\040\000s\000t\000d\000:\000:\000b\000i\000n\000d}{chapter.32}% 216
\BOOKMARK [0][-]{chapter.33}{\376\377\000T\000E\000M\000P\000L\000A\000T\000E\000\040\000M\000E\000T\000A\000P\000R\000O\000G\000R\000A\000M\000M\000I\000N\000G\000\040\000\046\000\040\000P\000O\000W\000E\000R\000\040\000F\000E\000A\000T\000U\000R\000E\000S}{part.2}% 217
\BOOKMARK [1][-]{section.33.1}{\376\377\0001\000.\000\040\000V\000a\000r\000i\000a\000d\000i\000c\000\040\000T\000e\000m\000p\000l\000a\000t\000e\000s}{chapter.33}% 218
\BOOKMARK [2][-]{subsection.33.1.1}{\376\377\0001\000.\0001\000\040\000P\000a\000r\000a\000m\000e\000t\000e\000r\000\040\000P\000a\000c\000k\000i\000n\000g\000\040\000\050\000.\000.\000.\000\051}{section.33.1}% 219
\BOOKMARK [1][-]{section.33.2}{\376\377\0002\000.\000\040\000T\000y\000p\000e\000\040\000T\000r\000a\000i\000t\000s}{chapter.33}% 220
\BOOKMARK [1][-]{section.33.3}{\376\377\0003\000.\000\040\000u\000s\000i\000n\000g\000\040\000A\000l\000i\000a\000s\000e\000s}{chapter.33}% 221
\BOOKMARK [1][-]{section.33.4}{\376\377\0004\000.\000\040\000s\000t\000d\000:\000:\000t\000u\000p\000l\000e}{chapter.33}% 222
\BOOKMARK [0][-]{chapter.34}{\376\377\000T\000H\000E\000\040\000C\000+\000+\0001\0001\000\040\000S\000T\000A\000N\000D\000A\000R\000D\000\040\000L\000I\000B\000R\000A\000R\000Y\000\040\000E\000X\000P\000A\000N\000S\000I\000O\000N}{part.2}% 223
\BOOKMARK [1][-]{section.34.1}{\376\377\0001\000.\000\040\000U\000n\000o\000r\000d\000e\000r\000e\000d\000\040\000C\000o\000n\000t\000a\000i\000n\000e\000r\000s}{chapter.34}% 224
\BOOKMARK [1][-]{section.34.2}{\376\377\0002\000.\000\040\000s\000t\000d\000:\000:\000a\000r\000r\000a\000y}{chapter.34}% 225
\BOOKMARK [1][-]{section.34.3}{\376\377\0003\000.\000\040\000s\000t\000d\000:\000:\000r\000e\000g\000e\000x}{chapter.34}% 226
\BOOKMARK [1][-]{section.34.4}{\376\377\0004\000.\000\040\000s\000t\000d\000:\000:\000c\000h\000r\000o\000n\000o}{chapter.34}% 227
\BOOKMARK [1][-]{section.34.5}{\376\377\0005\000.\000\040\000s\000t\000d\000:\000:\000r\000a\000n\000d\000o\000m}{chapter.34}% 228
\BOOKMARK [0][-]{chapter.35}{\376\377\000C\000O\000N\000C\000U\000R\000R\000E\000N\000C\000Y\000\040\000\046\000\040\000M\000U\000L\000T\000I\000T\000H\000R\000E\000A\000D\000I\000N\000G}{part.2}% 229
\BOOKMARK [1][-]{section.35.1}{\376\377\0001\000.\000\040\000T\000h\000r\000e\000a\000d\000s\000\040\000\050\000s\000t\000d\000:\000:\000t\000h\000r\000e\000a\000d\000\051}{chapter.35}% 230
\BOOKMARK [1][-]{section.35.2}{\376\377\0002\000.\000\040\000M\000u\000t\000e\000x\000e\000s\000\040\000\046\000\040\000L\000o\000c\000k\000i\000n\000g}{chapter.35}% 231
\BOOKMARK [1][-]{section.35.3}{\376\377\0003\000.\000\040\000C\000o\000n\000d\000i\000t\000i\000o\000n\000\040\000V\000a\000r\000i\000a\000b\000l\000e\000s}{chapter.35}% 232
\BOOKMARK [1][-]{section.35.4}{\376\377\0004\000.\000\040\000F\000u\000t\000u\000r\000e\000s\000\040\000\046\000\040\000P\000r\000o\000m\000i\000s\000e\000s}{chapter.35}% 233
\BOOKMARK [1][-]{section.35.5}{\376\377\0005\000.\000\040\000A\000t\000o\000m\000i\000c\000s\000\040\000\050\000s\000t\000d\000:\000:\000a\000t\000o\000m\000i\000c\000\051}{chapter.35}% 234
\BOOKMARK [-1][-]{part.3}{\376\377\000I\000I\000I\000\040\000V\000o\000l\000u\000m\000e\000\040\000I\000I\000I\000:\000\040\000C\000+\000+\0001\0004\000\040\000-\000\040\000R\000e\000f\000i\000n\000e\000m\000e\000n\000t\000\040\000\040\000G\000e\000n\000e\000r\000i\000c\000s}{}% 235
\BOOKMARK [0][-]{chapter.36}{\376\377\000C\000+\000+\0001\0004\000\040\000C\000O\000R\000E\000\040\000L\000A\000N\000G\000U\000A\000G\000E\000\040\000U\000P\000G\000R\000A\000D\000E\000S}{part.3}% 236
\BOOKMARK [1][-]{section.36.1}{\376\377\0001\000.\000\040\000R\000e\000l\000a\000x\000e\000d\000\040\000c\000o\000n\000s\000t\000e\000x\000p\000r}{chapter.36}% 237
\BOOKMARK [2][-]{subsection.36.1.1}{\376\377\0001\000.\0001\000\040\000W\000h\000a\000t\000\040\000i\000s\000\040\000A\000l\000l\000o\000w\000e\000d\000?}{section.36.1}% 238
\BOOKMARK [1][-]{section.36.2}{\376\377\0002\000.\000\040\000B\000i\000n\000a\000r\000y\000\040\000L\000i\000t\000e\000r\000a\000l\000s}{chapter.36}% 239
\BOOKMARK [1][-]{section.36.3}{\376\377\0003\000.\000\040\000D\000i\000g\000i\000t\000\040\000S\000e\000p\000a\000r\000a\000t\000o\000r\000s}{chapter.36}% 240
\BOOKMARK [1][-]{section.36.4}{\376\377\0004\000.\000\040\000[\000[\000d\000e\000p\000r\000e\000c\000a\000t\000e\000d\000]\000]\000\040\000A\000t\000t\000r\000i\000b\000u\000t\000e}{chapter.36}% 241
\BOOKMARK [0][-]{chapter.37}{\376\377\000C\000+\000+\0001\0004\000\040\000F\000U\000N\000C\000T\000I\000O\000N\000S\000\040\000\046\000\040\000L\000A\000M\000B\000D\000A\000S}{part.3}% 242
\BOOKMARK [1][-]{section.37.1}{\376\377\0001\000.\000\040\000G\000e\000n\000e\000r\000i\000c\000\040\000L\000a\000m\000b\000d\000a\000s}{chapter.37}% 243
\BOOKMARK [1][-]{section.37.2}{\376\377\0002\000.\000\040\000G\000e\000n\000e\000r\000a\000l\000i\000z\000e\000d\000\040\000L\000a\000m\000b\000d\000a\000\040\000C\000a\000p\000t\000u\000r\000e\000s\000\040\000\050\000I\000n\000i\000t\000-\000C\000a\000p\000t\000u\000r\000e\000\051}{chapter.37}% 244
\BOOKMARK [1][-]{section.37.3}{\376\377\0003\000.\000\040\000A\000u\000t\000o\000m\000a\000t\000i\000c\000\040\000R\000e\000t\000u\000r\000n\000\040\000T\000y\000p\000e\000\040\000D\000e\000d\000u\000c\000t\000i\000o\000n}{chapter.37}% 245
\BOOKMARK [0][-]{chapter.38}{\376\377\000C\000+\000+\0001\0004\000\040\000T\000E\000M\000P\000L\000A\000T\000E\000S\000\040\000\046\000\040\000M\000E\000T\000A\000P\000R\000O\000G\000R\000A\000M\000M\000I\000N\000G}{part.3}% 246
\BOOKMARK [1][-]{section.38.1}{\376\377\0001\000.\000\040\000V\000a\000r\000i\000a\000b\000l\000e\000\040\000T\000e\000m\000p\000l\000a\000t\000e\000s}{chapter.38}% 247
\BOOKMARK [1][-]{section.38.2}{\376\377\0002\000.\000\040\000d\000e\000c\000l\000t\000y\000p\000e\000\050\000a\000u\000t\000o\000\051}{chapter.38}% 248
\BOOKMARK [1][-]{section.38.3}{\376\377\0003\000.\000\040\000S\000t\000a\000n\000d\000a\000r\000d\000\040\000L\000i\000b\000r\000a\000r\000y\000\040\000M\000e\000t\000a\000f\000u\000n\000c\000t\000i\000o\000n\000s}{chapter.38}% 249
\BOOKMARK [0][-]{chapter.39}{\376\377\000C\000+\000+\0001\0004\000\040\000S\000T\000A\000N\000D\000A\000R\000D\000\040\000L\000I\000B\000R\000A\000R\000Y\000\040\000E\000N\000H\000A\000N\000C\000E\000M\000E\000N\000T\000S}{part.3}% 250
\BOOKMARK [1][-]{section.39.1}{\376\377\0001\000.\000\040\000s\000t\000d\000:\000:\000m\000a\000k\000e\000\137\000u\000n\000i\000q\000u\000e}{chapter.39}% 251
\BOOKMARK [1][-]{section.39.2}{\376\377\0002\000.\000\040\000S\000h\000a\000r\000e\000d\000\040\000L\000o\000c\000k\000s\000\040\000\050\000s\000t\000d\000:\000:\000s\000h\000a\000r\000e\000d\000\137\000t\000i\000m\000e\000d\000\137\000m\000u\000t\000e\000x\000\051}{chapter.39}% 252
\BOOKMARK [1][-]{section.39.3}{\376\377\0003\000.\000\040\000s\000t\000d\000:\000:\000e\000x\000c\000h\000a\000n\000g\000e}{chapter.39}% 253
\BOOKMARK [1][-]{section.39.4}{\376\377\0004\000.\000\040\000s\000t\000d\000:\000:\000q\000u\000o\000t\000e\000d}{chapter.39}% 254
\BOOKMARK [1][-]{section.39.5}{\376\377\0005\000.\000\040\000T\000u\000p\000l\000e\000\040\000A\000d\000d\000r\000e\000s\000s\000i\000n\000g\000\040\000b\000y\000\040\000T\000y\000p\000e}{chapter.39}% 255
\BOOKMARK [-1][-]{part.4}{\376\377\000I\000V\000\040\000V\000o\000l\000u\000m\000e\000\040\000I\000V\000:\000\040\000C\000+\000+\0001\0007\000\040\000-\000\040\000S\000i\000m\000p\000l\000i\000f\000i\000c\000a\000t\000i\000o\000n\000\040\000\040\000M\000o\000d\000e\000r\000n\000i\000z\000a\000t\000i\000o\000n}{}% 256
\BOOKMARK [0][-]{chapter.40}{\376\377\000C\000+\000+\0001\0007\000\040\000C\000O\000R\000E\000\040\000L\000A\000N\000G\000U\000A\000G\000E\000\040\000U\000P\000G\000R\000A\000D\000E\000S}{part.4}% 257
\BOOKMARK [1][-]{section.40.1}{\376\377\0001\000.\000\040\000S\000t\000r\000u\000c\000t\000u\000r\000e\000d\000\040\000B\000i\000n\000d\000i\000n\000g\000s}{chapter.40}% 258
\BOOKMARK [2][-]{subsection.40.1.1}{\376\377\0001\000.\0001\000\040\000U\000n\000p\000a\000c\000k\000i\000n\000g\000\040\000T\000u\000p\000l\000e\000s\000\040\000a\000n\000d\000\040\000P\000a\000i\000r\000s}{section.40.1}% 259
\BOOKMARK [2][-]{subsection.40.1.2}{\376\377\0001\000.\0002\000\040\000U\000n\000p\000a\000c\000k\000i\000n\000g\000\040\000S\000t\000r\000u\000c\000t\000s}{section.40.1}% 260
\BOOKMARK [2][-]{subsection.40.1.3}{\376\377\0001\000.\0003\000\040\000M\000o\000d\000i\000f\000i\000e\000r\000s\000\040\000\050\000c\000o\000n\000s\000t\000,\000\040\000\046\000\051}{section.40.1}% 261
\BOOKMARK [1][-]{section.40.2}{\376\377\0002\000.\000\040\000i\000f\000\040\000c\000o\000n\000s\000t\000e\000x\000p\000r}{chapter.40}% 262
\BOOKMARK [1][-]{section.40.3}{\376\377\0003\000.\000\040\000I\000n\000i\000t\000-\000S\000t\000a\000t\000e\000m\000e\000n\000t\000s\000\040\000f\000o\000r\000\040\000i\000f\000\040\000a\000n\000d\000\040\000s\000w\000i\000t\000c\000h}{chapter.40}% 263
\BOOKMARK [1][-]{section.40.4}{\376\377\0004\000.\000\040\000I\000n\000l\000i\000n\000e\000\040\000V\000a\000r\000i\000a\000b\000l\000e\000s}{chapter.40}% 264
\BOOKMARK [1][-]{section.40.5}{\376\377\0005\000.\000\040\000N\000e\000s\000t\000e\000d\000\040\000N\000a\000m\000e\000s\000p\000a\000c\000e\000s}{chapter.40}% 265
\BOOKMARK [1][-]{section.40.6}{\376\377\0006\000.\000\040\000A\000t\000t\000r\000i\000b\000u\000t\000e\000s}{chapter.40}% 266
\BOOKMARK [0][-]{chapter.41}{\376\377\000C\000+\000+\0001\0007\000\040\000T\000E\000M\000P\000L\000A\000T\000E\000\040\000M\000E\000T\000A\000P\000R\000O\000G\000R\000A\000M\000M\000I\000N\000G\000\040\000E\000N\000H\000A\000N\000C\000E\000M\000E\000N\000T\000S}{part.4}% 267
\BOOKMARK [1][-]{section.41.1}{\376\377\0001\000.\000\040\000F\000o\000l\000d\000\040\000E\000x\000p\000r\000e\000s\000s\000i\000o\000n\000s}{chapter.41}% 268
\BOOKMARK [2][-]{subsection.41.1.1}{\376\377\0001\000.\0001\000\040\000U\000n\000a\000r\000y\000\040\000F\000o\000l\000d\000s}{section.41.1}% 269
\BOOKMARK [2][-]{subsection.41.1.2}{\376\377\0001\000.\0002\000\040\000B\000i\000n\000a\000r\000y\000\040\000F\000o\000l\000d\000s}{section.41.1}% 270
\BOOKMARK [2][-]{subsection.41.1.3}{\376\377\0001\000.\0003\000\040\000O\000p\000e\000r\000a\000t\000o\000r\000s}{section.41.1}% 271
\BOOKMARK [1][-]{section.41.2}{\376\377\0002\000.\000\040\000C\000l\000a\000s\000s\000\040\000T\000e\000m\000p\000l\000a\000t\000e\000\040\000A\000r\000g\000u\000m\000e\000n\000t\000\040\000D\000e\000d\000u\000c\000t\000i\000o\000n\000\040\000\050\000C\000T\000A\000D\000\051}{chapter.41}% 272
\BOOKMARK [2][-]{subsection.41.2.1}{\376\377\0002\000.\0001\000\040\000U\000s\000e\000r\000-\000D\000e\000f\000i\000n\000e\000d\000\040\000D\000e\000d\000u\000c\000t\000i\000o\000n\000\040\000G\000u\000i\000d\000e\000s}{section.41.2}% 273
\BOOKMARK [1][-]{section.41.3}{\376\377\0003\000.\000\040\000a\000u\000t\000o\000\040\000N\000o\000n\000-\000T\000y\000p\000e\000\040\000T\000e\000m\000p\000l\000a\000t\000e\000\040\000P\000a\000r\000a\000m\000e\000t\000e\000r\000s}{chapter.41}% 274
\BOOKMARK [1][-]{section.41.4}{\376\377\0004\000.\000\040\000s\000t\000d\000:\000:\000i\000n\000v\000o\000k\000e}{chapter.41}% 275
\BOOKMARK [0][-]{chapter.42}{\376\377\000C\000+\000+\0001\0007\000\040\000V\000O\000C\000A\000B\000U\000L\000A\000R\000Y\000\040\000T\000Y\000P\000E\000S}{part.4}% 276
\BOOKMARK [1][-]{section.42.1}{\376\377\0001\000.\000\040\000s\000t\000d\000:\000:\000s\000t\000r\000i\000n\000g\000\137\000v\000i\000e\000w}{chapter.42}% 277
\BOOKMARK [2][-]{subsection.42.1.1}{\376\377\0001\000.\0001\000\040\000E\000f\000f\000i\000c\000i\000e\000n\000c\000y}{section.42.1}% 278
\BOOKMARK [2][-]{subsection.42.1.2}{\376\377\0001\000.\0002\000\040\000C\000a\000v\000e\000a\000t\000s}{section.42.1}% 279
\BOOKMARK [1][-]{section.42.2}{\376\377\0002\000.\000\040\000s\000t\000d\000:\000:\000o\000p\000t\000i\000o\000n\000a\000l}{chapter.42}% 280
\BOOKMARK [1][-]{section.42.3}{\376\377\0003\000.\000\040\000s\000t\000d\000:\000:\000v\000a\000r\000i\000a\000n\000t}{chapter.42}% 281
\BOOKMARK [1][-]{section.42.4}{\376\377\0004\000.\000\040\000s\000t\000d\000:\000:\000a\000n\000y}{chapter.42}% 282
\BOOKMARK [0][-]{chapter.43}{\376\377\000C\000+\000+\0001\0007\000\040\000F\000I\000L\000E\000S\000Y\000S\000T\000E\000M\000\040\000A\000N\000D\000\040\000I\000O}{part.4}% 283
\BOOKMARK [1][-]{section.43.1}{\376\377\0001\000.\000\040\000s\000t\000d\000:\000:\000f\000i\000l\000e\000s\000y\000s\000t\000e\000m}{chapter.43}% 284
\BOOKMARK [2][-]{subsection.43.1.1}{\376\377\0001\000.\0001\000\040\000P\000a\000t\000h\000s}{section.43.1}% 285
\BOOKMARK [2][-]{subsection.43.1.2}{\376\377\0001\000.\0002\000\040\000I\000t\000e\000r\000a\000t\000i\000n\000g\000\040\000D\000i\000r\000e\000c\000t\000o\000r\000i\000e\000s}{section.43.1}% 286
\BOOKMARK [2][-]{subsection.43.1.3}{\376\377\0001\000.\0003\000\040\000O\000p\000e\000r\000a\000t\000i\000o\000n\000s}{section.43.1}% 287
\BOOKMARK [1][-]{section.43.2}{\376\377\0002\000.\000\040\000P\000o\000l\000y\000m\000o\000r\000p\000h\000i\000c\000\040\000A\000l\000l\000o\000c\000a\000t\000o\000r\000s\000\040\000\050\000s\000t\000d\000:\000:\000p\000m\000r\000\051}{chapter.43}% 288
\BOOKMARK [0][-]{chapter.44}{\376\377\000C\000+\000+\0001\0007\000\040\000P\000A\000R\000A\000L\000L\000E\000L\000\040\000A\000L\000G\000O\000R\000I\000T\000H\000M\000S\000\040\000\046\000\040\000C\000O\000N\000C\000U\000R\000R\000E\000N\000C\000Y}{part.4}% 289
\BOOKMARK [1][-]{section.44.1}{\376\377\0001\000.\000\040\000P\000a\000r\000a\000l\000l\000e\000l\000\040\000A\000l\000g\000o\000r\000i\000t\000h\000m\000s\000\040\000\050\000s\000t\000d\000:\000:\000e\000x\000e\000c\000u\000t\000i\000o\000n\000\051}{chapter.44}% 290
\BOOKMARK [1][-]{section.44.2}{\376\377\0002\000.\000\040\000s\000t\000d\000:\000:\000s\000c\000o\000p\000e\000d\000\137\000l\000o\000c\000k}{chapter.44}% 291
\BOOKMARK [1][-]{section.44.3}{\376\377\0003\000.\000\040\000s\000t\000d\000:\000:\000s\000h\000a\000r\000e\000d\000\137\000m\000u\000t\000e\000x}{chapter.44}% 292
\BOOKMARK [0][-]{chapter.45}{\376\377\000C\000+\000+\0001\0007\000\040\000S\000T\000A\000N\000D\000A\000R\000D\000\040\000L\000I\000B\000R\000A\000R\000Y\000\040\000A\000D\000D\000I\000T\000I\000O\000N\000S}{part.4}% 293
\BOOKMARK [1][-]{section.45.1}{\376\377\0001\000.\000\040\000s\000t\000d\000:\000:\000b\000y\000t\000e}{chapter.45}% 294
\BOOKMARK [1][-]{section.45.2}{\376\377\0002\000.\000\040\000A\000l\000g\000o\000r\000i\000t\000h\000m\000s}{chapter.45}% 295
\BOOKMARK [1][-]{section.45.3}{\376\377\0003\000.\000\040\000M\000a\000t\000h\000e\000m\000a\000t\000i\000c\000a\000l\000\040\000S\000p\000e\000c\000i\000a\000l\000\040\000F\000u\000n\000c\000t\000i\000o\000n\000s}{chapter.45}% 296
\BOOKMARK [1][-]{section.45.4}{\376\377\0004\000.\000\040\000E\000l\000e\000m\000e\000n\000t\000a\000r\000y\000\040\000S\000t\000r\000i\000n\000g\000\040\000C\000o\000n\000v\000e\000r\000s\000i\000o\000n\000s\000\040\000\050\000<\000c\000h\000a\000r\000c\000o\000n\000v\000>\000\051}{chapter.45}% 297
\BOOKMARK [-1][-]{part.5}{\376\377\000V\000\040\000V\000o\000l\000u\000m\000e\000\040\000V\000:\000\040\000C\000+\000+\0002\0000\000\040\000-\000\040\000T\000h\000e\000\040\000G\000i\000g\000a\000n\000t\000i\000c\000\040\000L\000e\000a\000p}{}% 298
\BOOKMARK [0][-]{chapter.46}{\376\377\000C\000+\000+\0002\0000\000\040\000C\000O\000N\000C\000E\000P\000T\000S}{part.5}% 299
\BOOKMARK [1][-]{section.46.1}{\376\377\0001\000.\000\040\000T\000h\000e\000\040\000P\000r\000o\000b\000l\000e\000m\000\040\000w\000i\000t\000h\000\040\000T\000e\000m\000p\000l\000a\000t\000e\000s}{chapter.46}% 300
\BOOKMARK [1][-]{section.46.2}{\376\377\0002\000.\000\040\000W\000h\000a\000t\000\040\000a\000r\000e\000\040\000C\000o\000n\000c\000e\000p\000t\000s\000?}{chapter.46}% 301
\BOOKMARK [2][-]{subsection.46.2.1}{\376\377\0002\000.\0001\000\040\000D\000e\000f\000i\000n\000i\000n\000g\000\040\000a\000\040\000C\000o\000n\000c\000e\000p\000t}{section.46.2}% 302
\BOOKMARK [2][-]{subsection.46.2.2}{\376\377\0002\000.\0002\000\040\000U\000s\000i\000n\000g\000\040\000C\000o\000n\000c\000e\000p\000t\000s\000\040\000\050\000r\000e\000q\000u\000i\000r\000e\000s\000\040\000c\000l\000a\000u\000s\000e\000\051}{section.46.2}% 303
\BOOKMARK [1][-]{section.46.3}{\376\377\0003\000.\000\040\000T\000h\000e\000\040\000r\000e\000q\000u\000i\000r\000e\000s\000\040\000E\000x\000p\000r\000e\000s\000s\000i\000o\000n}{chapter.46}% 304
\BOOKMARK [1][-]{section.46.4}{\376\377\0004\000.\000\040\000S\000t\000a\000n\000d\000a\000r\000d\000\040\000C\000o\000n\000c\000e\000p\000t\000s\000\040\000\050\000<\000c\000o\000n\000c\000e\000p\000t\000s\000>\000\051}{chapter.46}% 305
\BOOKMARK [1][-]{section.46.5}{\376\377\0005\000.\000\040\000C\000o\000n\000s\000t\000r\000a\000i\000n\000t\000\040\000B\000a\000s\000e\000d\000\040\000O\000v\000e\000r\000l\000o\000a\000d\000i\000n\000g}{chapter.46}% 306
\BOOKMARK [0][-]{chapter.47}{\376\377\000C\000+\000+\0002\0000\000\040\000M\000O\000D\000U\000L\000E\000S}{part.5}% 307
\BOOKMARK [1][-]{section.47.1}{\376\377\0001\000.\000\040\000T\000h\000e\000\040\000D\000e\000a\000t\000h\000\040\000o\000f\000\040\000H\000e\000a\000d\000e\000r\000s}{chapter.47}% 308
\BOOKMARK [2][-]{subsection.47.1.1}{\376\377\0001\000.\0001\000\040\000P\000r\000o\000b\000l\000e\000m\000s\000\040\000w\000i\000t\000h\000\040\000H\000e\000a\000d\000e\000r\000s}{section.47.1}% 309
\BOOKMARK [1][-]{section.47.2}{\376\377\0002\000.\000\040\000B\000a\000s\000i\000c\000\040\000M\000o\000d\000u\000l\000e\000\040\000S\000y\000n\000t\000a\000x}{chapter.47}% 310
\BOOKMARK [2][-]{subsection.47.2.1}{\376\377\0002\000.\0001\000\040\000I\000n\000t\000e\000r\000f\000a\000c\000e\000\040\000U\000n\000i\000t\000\040\000\050\000.\000c\000p\000p\000m\000\040\000o\000r\000\040\000.\000i\000x\000x\000\051}{section.47.2}% 311
\BOOKMARK [2][-]{subsection.47.2.2}{\376\377\0002\000.\0002\000\040\000I\000m\000p\000o\000r\000t\000i\000n\000g\000\040\000a\000\040\000M\000o\000d\000u\000l\000e}{section.47.2}% 312
\BOOKMARK [1][-]{section.47.3}{\376\377\0003\000.\000\040\000M\000o\000d\000u\000l\000e\000\040\000P\000a\000r\000t\000i\000t\000i\000o\000n\000s}{chapter.47}% 313
\BOOKMARK [1][-]{section.47.4}{\376\377\0004\000.\000\040\000T\000h\000e\000\040\000G\000l\000o\000b\000a\000l\000\040\000M\000o\000d\000u\000l\000e\000\040\000F\000r\000a\000g\000m\000e\000n\000t}{chapter.47}% 314
\BOOKMARK [1][-]{section.47.5}{\376\377\0005\000.\000\040\000B\000u\000i\000l\000d\000\040\000S\000y\000s\000t\000e\000m\000\040\000I\000m\000p\000l\000i\000c\000a\000t\000i\000o\000n\000s}{chapter.47}% 315
\BOOKMARK [0][-]{chapter.48}{\376\377\000C\000+\000+\0002\0000\000\040\000C\000O\000R\000O\000U\000T\000I\000N\000E\000S}{part.5}% 316
\BOOKMARK [1][-]{section.48.1}{\376\377\0001\000.\000\040\000A\000s\000y\000n\000c\000h\000r\000o\000n\000o\000u\000s\000\040\000P\000r\000o\000g\000r\000a\000m\000m\000i\000n\000g}{chapter.48}% 317
\BOOKMARK [2][-]{subsection.48.1.1}{\376\377\0001\000.\0001\000\040\000K\000e\000y\000w\000o\000r\000d\000s}{section.48.1}% 318
\BOOKMARK [1][-]{section.48.2}{\376\377\0002\000.\000\040\000G\000e\000n\000e\000r\000a\000t\000o\000r\000s\000\040\000\050\000T\000h\000e\000\040\000P\000y\000t\000h\000o\000n\000\040\000S\000t\000y\000l\000e\000\051}{chapter.48}% 319
\BOOKMARK [1][-]{section.48.3}{\376\377\0003\000.\000\040\000T\000a\000s\000k\000s\000\040\000\050\000c\000o\000\137\000a\000w\000a\000i\000t\000\051}{chapter.48}% 320
\BOOKMARK [1][-]{section.48.4}{\376\377\0004\000.\000\040\000U\000n\000d\000e\000r\000\040\000t\000h\000e\000\040\000H\000o\000o\000d}{chapter.48}% 321
\BOOKMARK [0][-]{chapter.49}{\376\377\000C\000+\000+\0002\0000\000\040\000R\000A\000N\000G\000E\000S}{part.5}% 322
\BOOKMARK [1][-]{section.49.1}{\376\377\0001\000.\000\040\000T\000h\000e\000\040\000E\000n\000d\000\040\000o\000f\000\040\000I\000t\000e\000r\000a\000t\000o\000r\000\040\000p\000a\000i\000r\000s}{chapter.49}% 323
\BOOKMARK [1][-]{section.49.2}{\376\377\0002\000.\000\040\000V\000i\000e\000w\000s\000\040\000v\000s\000\040\000A\000c\000t\000i\000o\000n\000s}{chapter.49}% 324
\BOOKMARK [1][-]{section.49.3}{\376\377\0003\000.\000\040\000P\000r\000o\000j\000e\000c\000t\000i\000o\000n\000s}{chapter.49}% 325
\BOOKMARK [1][-]{section.49.4}{\376\377\0004\000.\000\040\000D\000a\000n\000g\000l\000i\000n\000g\000\040\000I\000t\000e\000r\000a\000t\000o\000r\000s\000\040\000P\000r\000o\000t\000e\000c\000t\000i\000o\000n}{chapter.49}% 326
\BOOKMARK [0][-]{chapter.50}{\376\377\000C\000+\000+\0002\0000\000\040\000C\000O\000R\000E\000\040\000L\000A\000N\000G\000U\000A\000G\000E\000\040\000F\000E\000A\000T\000U\000R\000E\000S}{part.5}% 327
\BOOKMARK [1][-]{section.50.1}{\376\377\0001\000.\000\040\000T\000h\000r\000e\000e\000-\000W\000a\000y\000\040\000C\000o\000m\000p\000a\000r\000i\000s\000o\000n\000\040\000\050\000<\000=\000>\000\051}{chapter.50}% 328
\BOOKMARK [1][-]{section.50.2}{\376\377\0002\000.\000\040\000D\000e\000s\000i\000g\000n\000a\000t\000e\000d\000\040\000I\000n\000i\000t\000i\000a\000l\000i\000z\000e\000r\000s}{chapter.50}% 329
\BOOKMARK [1][-]{section.50.3}{\376\377\0003\000.\000\040\000c\000o\000n\000s\000t\000e\000v\000a\000l\000\040\000\050\000I\000m\000m\000e\000d\000i\000a\000t\000e\000\040\000F\000u\000n\000c\000t\000i\000o\000n\000s\000\051}{chapter.50}% 330
\BOOKMARK [1][-]{section.50.4}{\376\377\0004\000.\000\040\000c\000o\000n\000s\000t\000i\000n\000i\000t}{chapter.50}% 331
\BOOKMARK [1][-]{section.50.5}{\376\377\0005\000.\000\040\000N\000o\000n\000-\000T\000y\000p\000e\000\040\000T\000e\000m\000p\000l\000a\000t\000e\000\040\000P\000a\000r\000a\000m\000e\000t\000e\000r\000s\000\040\000\050\000N\000T\000T\000P\000\051\000\040\000E\000n\000h\000a\000n\000c\000e\000m\000e\000n\000t\000s}{chapter.50}% 332
\BOOKMARK [0][-]{chapter.51}{\376\377\000C\000+\000+\0002\0000\000\040\000S\000T\000A\000N\000D\000A\000R\000D\000\040\000L\000I\000B\000R\000A\000R\000Y\000\040\000A\000D\000D\000I\000T\000I\000O\000N\000S}{part.5}% 333
\BOOKMARK [1][-]{section.51.1}{\376\377\0001\000.\000\040\000s\000t\000d\000:\000:\000f\000o\000r\000m\000a\000t\000\040\000\050\000P\000y\000t\000h\000o\000n\000-\000s\000t\000y\000l\000e\000\040\000F\000o\000r\000m\000a\000t\000t\000i\000n\000g\000\051}{chapter.51}% 334
\BOOKMARK [1][-]{section.51.2}{\376\377\0002\000.\000\040\000s\000t\000d\000:\000:\000s\000p\000a\000n}{chapter.51}% 335
\BOOKMARK [1][-]{section.51.3}{\376\377\0003\000.\000\040\000s\000t\000d\000:\000:\000j\000t\000h\000r\000e\000a\000d\000\040\000\050\000J\000o\000i\000n\000a\000b\000l\000e\000\040\000T\000h\000r\000e\000a\000d\000\051}{chapter.51}% 336
\BOOKMARK [1][-]{section.51.4}{\376\377\0004\000.\000\040\000C\000o\000n\000c\000u\000r\000r\000e\000n\000c\000y\000\040\000P\000r\000i\000m\000i\000t\000i\000v\000e\000s\000\040\000\050\000<\000s\000e\000m\000a\000p\000h\000o\000r\000e\000>\000,\000\040\000<\000b\000a\000r\000r\000i\000e\000r\000>\000,\000\040\000<\000l\000a\000t\000c\000h\000>\000\051}{chapter.51}% 337
\BOOKMARK [1][-]{section.51.5}{\376\377\0005\000.\000\040\000M\000a\000t\000h\000e\000m\000a\000t\000i\000c\000a\000l\000\040\000C\000o\000n\000s\000t\000a\000n\000t\000s\000\040\000\050\000<\000n\000u\000m\000b\000e\000r\000s\000>\000\051}{chapter.51}% 338
\BOOKMARK [1][-]{section.51.6}{\376\377\0006\000.\000\040\000B\000i\000t\000\040\000M\000a\000n\000i\000p\000u\000l\000a\000t\000i\000o\000n\000\040\000\050\000<\000b\000i\000t\000>\000\051}{chapter.51}% 339
\BOOKMARK [-1][-]{part.6}{\376\377\000V\000I\000\040\000V\000o\000l\000u\000m\000e\000\040\000V\000I\000:\000\040\000C\000+\000+\0002\0003\000/\0002\0006\000\040\000-\000\040\000T\000h\000e\000\040\000F\000u\000t\000u\000r\000e}{}% 340
\BOOKMARK [0][-]{chapter.52}{\376\377\000C\000+\000+\0002\0003\000\040\000C\000O\000R\000E\000\040\000L\000A\000N\000G\000U\000A\000G\000E\000\040\000U\000P\000G\000R\000A\000D\000E\000S}{part.6}% 341
\BOOKMARK [1][-]{section.52.1}{\376\377\0001\000.\000\040\000D\000e\000d\000u\000c\000i\000n\000g\000\040\000t\000h\000i\000s\000\040\000\050\000E\000x\000p\000l\000i\000c\000i\000t\000\040\000O\000b\000j\000e\000c\000t\000\040\000P\000a\000r\000a\000m\000e\000t\000e\000r\000\051}{chapter.52}% 342
\BOOKMARK [2][-]{subsection.52.1.1}{\376\377\0001\000.\0001\000\040\000T\000h\000e\000\040\000P\000r\000o\000b\000l\000e\000m\000\040\000\050\000C\000+\000+\0002\0000\000\040\000a\000n\000d\000\040\000o\000l\000d\000e\000r\000\051}{section.52.1}% 343
\BOOKMARK [2][-]{subsection.52.1.2}{\376\377\0001\000.\0002\000\040\000T\000h\000e\000\040\000S\000o\000l\000u\000t\000i\000o\000n}{section.52.1}% 344
\BOOKMARK [2][-]{subsection.52.1.3}{\376\377\0001\000.\0003\000\040\000R\000e\000c\000u\000r\000s\000i\000v\000e\000\040\000L\000a\000m\000b\000d\000a\000s}{section.52.1}% 345
\BOOKMARK [1][-]{section.52.2}{\376\377\0002\000.\000\040\000i\000f\000\040\000c\000o\000n\000s\000t\000e\000v\000a\000l}{chapter.52}% 346
\BOOKMARK [1][-]{section.52.3}{\376\377\0003\000.\000\040\000M\000u\000l\000t\000i\000d\000i\000m\000e\000n\000s\000i\000o\000n\000a\000l\000\040\000S\000u\000b\000s\000c\000r\000i\000p\000t\000\040\000O\000p\000e\000r\000a\000t\000o\000r\000\040\000\050\000o\000p\000e\000r\000a\000t\000o\000r\000[\000]\000\051}{chapter.52}% 347
\BOOKMARK [1][-]{section.52.4}{\376\377\0004\000.\000\040\000a\000u\000t\000o\000\050\000x\000\051\000:\000\040\000D\000e\000c\000a\000y\000\040\000C\000o\000p\000y}{chapter.52}% 348
\BOOKMARK [1][-]{section.52.5}{\376\377\0005\000.\000\040\000L\000i\000t\000e\000r\000a\000l\000\040\000S\000u\000f\000f\000i\000x\000e\000s\000\040\000f\000o\000r\000\040\000s\000i\000z\000e\000\137\000t}{chapter.52}% 349
\BOOKMARK [1][-]{section.52.6}{\376\377\0006\000.\000\040\000\043\000w\000a\000r\000n\000i\000n\000g}{chapter.52}% 350
\BOOKMARK [0][-]{chapter.53}{\376\377\000C\000+\000+\0002\0003\000\040\000S\000T\000D\000:\000:\000P\000R\000I\000N\000T\000\040\000\046\000\040\000I\000/\000O}{part.6}% 351
\BOOKMARK [1][-]{section.53.1}{\376\377\0001\000.\000\040\000s\000t\000d\000:\000:\000p\000r\000i\000n\000t\000\040\000a\000n\000d\000\040\000s\000t\000d\000:\000:\000p\000r\000i\000n\000t\000l\000n}{chapter.53}% 352
\BOOKMARK [2][-]{subsection.53.1.1}{\376\377\0001\000.\0001\000\040\000B\000a\000s\000i\000c\000\040\000U\000s\000a\000g\000e}{section.53.1}% 353
\BOOKMARK [2][-]{subsection.53.1.2}{\376\377\0001\000.\0002\000\040\000P\000e\000r\000f\000o\000r\000m\000a\000n\000c\000e}{section.53.1}% 354
\BOOKMARK [2][-]{subsection.53.1.3}{\376\377\0001\000.\0003\000\040\000F\000o\000r\000m\000a\000t\000t\000i\000n\000g}{section.53.1}% 355
\BOOKMARK [2][-]{subsection.53.1.4}{\376\377\0001\000.\0004\000\040\000O\000u\000t\000p\000u\000t\000\040\000t\000o\000\040\000S\000t\000r\000e\000a\000m\000s}{section.53.1}% 356
\BOOKMARK [1][-]{section.53.2}{\376\377\0002\000.\000\040\000s\000t\000d\000:\000:\000s\000p\000a\000n\000s\000t\000r\000e\000a\000m}{chapter.53}% 357
\BOOKMARK [0][-]{chapter.54}{\376\377\000C\000+\000+\0002\0003\000\040\000M\000O\000N\000A\000D\000I\000C\000\040\000O\000P\000E\000R\000A\000T\000I\000O\000N\000S\000\040\000\046\000\040\000E\000X\000P\000E\000C\000T\000E\000D}{part.6}% 358
\BOOKMARK [1][-]{section.54.1}{\376\377\0001\000.\000\040\000s\000t\000d\000:\000:\000e\000x\000p\000e\000c\000t\000e\000d}{chapter.54}% 359
\BOOKMARK [2][-]{subsection.54.1.1}{\376\377\0001\000.\0001\000\040\000B\000a\000s\000i\000c\000s}{section.54.1}% 360
\BOOKMARK [2][-]{subsection.54.1.2}{\376\377\0001\000.\0002\000\040\000M\000o\000n\000a\000d\000i\000c\000\040\000C\000h\000a\000i\000n}{section.54.1}% 361
\BOOKMARK [1][-]{section.54.2}{\376\377\0002\000.\000\040\000M\000o\000n\000a\000d\000i\000c\000\040\000O\000p\000e\000r\000a\000t\000i\000o\000n\000s\000\040\000f\000o\000r\000\040\000s\000t\000d\000:\000:\000o\000p\000t\000i\000o\000n\000a\000l}{chapter.54}% 362
\BOOKMARK [0][-]{chapter.55}{\376\377\000C\000+\000+\0002\0003\000\040\000C\000O\000N\000T\000A\000I\000N\000E\000R\000S\000\040\000\046\000\040\000V\000I\000E\000W\000S}{part.6}% 363
\BOOKMARK [1][-]{section.55.1}{\376\377\0001\000.\000\040\000s\000t\000d\000:\000:\000m\000d\000s\000p\000a\000n}{chapter.55}% 364
\BOOKMARK [2][-]{subsection.55.1.1}{\376\377\0001\000.\0001\000\040\000B\000a\000s\000i\000c\000s}{section.55.1}% 365
\BOOKMARK [2][-]{subsection.55.1.2}{\376\377\0001\000.\0002\000\040\000L\000a\000y\000o\000u\000t\000s}{section.55.1}% 366
\BOOKMARK [1][-]{section.55.2}{\376\377\0002\000.\000\040\000s\000t\000d\000:\000:\000f\000l\000a\000t\000\137\000m\000a\000p\000\040\000a\000n\000d\000\040\000s\000t\000d\000:\000:\000f\000l\000a\000t\000\137\000s\000e\000t}{chapter.55}% 367
\BOOKMARK [1][-]{section.55.3}{\376\377\0003\000.\000\040\000R\000a\000n\000g\000e\000s\000\040\000E\000n\000h\000a\000n\000c\000e\000m\000e\000n\000t\000s}{chapter.55}% 368
\BOOKMARK [0][-]{chapter.56}{\376\377\000C\000+\000+\0002\0003\000\040\000C\000O\000R\000O\000U\000T\000I\000N\000E\000S\000\040\000\046\000\040\000S\000T\000A\000C\000K\000T\000R\000A\000C\000E}{part.6}% 369
\BOOKMARK [1][-]{section.56.1}{\376\377\0001\000.\000\040\000s\000t\000d\000:\000:\000g\000e\000n\000e\000r\000a\000t\000o\000r}{chapter.56}% 370
\BOOKMARK [2][-]{subsection.56.1.1}{\376\377\0001\000.\0001\000\040\000B\000a\000s\000i\000c\000\040\000G\000e\000n\000e\000r\000a\000t\000o\000r}{section.56.1}% 371
\BOOKMARK [2][-]{subsection.56.1.2}{\376\377\0001\000.\0002\000\040\000R\000e\000c\000u\000r\000s\000i\000v\000e\000\040\000G\000e\000n\000e\000r\000a\000t\000o\000r}{section.56.1}% 372
\BOOKMARK [1][-]{section.56.2}{\376\377\0002\000.\000\040\000s\000t\000d\000:\000:\000s\000t\000a\000c\000k\000t\000r\000a\000c\000e}{chapter.56}% 373
\BOOKMARK [0][-]{chapter.57}{\376\377\000C\000+\000+\0002\0003\000\040\000L\000I\000B\000R\000A\000R\000Y\000\040\000U\000T\000I\000L\000I\000T\000I\000E\000S}{part.6}% 374
\BOOKMARK [1][-]{section.57.1}{\376\377\0001\000.\000\040\000s\000t\000d\000:\000:\000u\000n\000r\000e\000a\000c\000h\000a\000b\000l\000e}{chapter.57}% 375
\BOOKMARK [1][-]{section.57.2}{\376\377\0002\000.\000\040\000s\000t\000d\000:\000:\000t\000o\000\137\000u\000n\000d\000e\000r\000l\000y\000i\000n\000g}{chapter.57}% 376
\BOOKMARK [1][-]{section.57.3}{\376\377\0003\000.\000\040\000s\000t\000d\000:\000:\000b\000y\000t\000e\000s\000w\000a\000p}{chapter.57}% 377
\BOOKMARK [1][-]{section.57.4}{\376\377\0004\000.\000\040\000s\000t\000d\000:\000:\000s\000t\000d\000a\000t\000o\000m\000i\000c\000.\000h}{chapter.57}% 378
\BOOKMARK [1][-]{section.57.5}{\376\377\0005\000.\000\040\000s\000t\000d\000:\000:\000m\000o\000v\000e\000\137\000o\000n\000l\000y\000\137\000f\000u\000n\000c\000t\000i\000o\000n}{chapter.57}% 379
\BOOKMARK [0][-]{chapter.58}{\376\377\000T\000H\000E\000\040\000F\000U\000T\000U\000R\000E\000\040\000-\000\040\000C\000+\000+\0002\0006\000\040\000P\000R\000E\000V\000I\000E\000W}{part.6}% 380
\BOOKMARK [1][-]{subsection.58.0.1}{\376\377\0001\0003\000.\0001\000\040\000S\000t\000a\000t\000i\000c\000\040\000R\000e\000f\000l\000e\000c\000t\000i\000o\000n\000\040\000\050\000s\000t\000d\000:\000:\000m\000e\000t\000a\000\051}{chapter.58}% 381
\BOOKMARK [2][-]{subsection.58.0.2}{\376\377\0001\0003\000.\0002\000\040\000C\000o\000n\000t\000r\000a\000c\000t\000s}{subsection.58.0.1}% 382
\BOOKMARK [2][-]{subsection.58.0.3}{\376\377\0001\0003\000.\0003\000\040\000S\000e\000n\000d\000e\000r\000s\000\040\000\046\000\040\000R\000e\000c\000e\000i\000v\000e\000r\000s\000\040\000\050\000s\000t\000d\000:\000:\000e\000x\000e\000c\000u\000t\000i\000o\000n\000\051}{subsection.58.0.1}% 383
\BOOKMARK [2][-]{subsection.58.0.4}{\376\377\0001\0003\000.\0004\000\040\000L\000i\000n\000e\000a\000r\000\040\000A\000l\000g\000e\000b\000r\000a\000\040\000\050\000s\000t\000d\000:\000:\000l\000i\000n\000a\000l\000g\000\051}{subsection.58.0.1}% 384
\BOOKMARK [-1][-]{part.7}{\376\377\000V\000I\000I\000\040\000V\000o\000l\000u\000m\000e\000\040\000V\000I\000I\000:\000\040\000A\000d\000v\000a\000n\000c\000e\000d\000\040\000T\000o\000p\000i\000c\000s\000\040\000\040\000S\000y\000s\000t\000e\000m\000s\000\040\000A\000r\000c\000h\000i\000t\000e\000c\000t\000u\000r\000e}{}% 385
\BOOKMARK [0][-]{chapter.59}{\376\377\000A\000D\000V\000A\000N\000C\000E\000D\000\040\000T\000E\000M\000P\000L\000A\000T\000E\000\040\000M\000E\000T\000A\000P\000R\000O\000G\000R\000A\000M\000M\000I\000N\000G}{part.7}% 386
\BOOKMARK [1][-]{section.59.1}{\376\377\0001\000.\000\040\000T\000h\000e\000\040\000E\000v\000o\000l\000u\000t\000i\000o\000n\000\040\000o\000f\000\040\000T\000M\000P}{chapter.59}% 387
\BOOKMARK [1][-]{section.59.2}{\376\377\0002\000.\000\040\000S\000F\000I\000N\000A\000E\000\040\000\050\000S\000u\000b\000s\000t\000i\000t\000u\000t\000i\000o\000n\000\040\000F\000a\000i\000l\000u\000r\000e\000\040\000I\000s\000\040\000N\000o\000t\000\040\000A\000n\000\040\000E\000r\000r\000o\000r\000\051}{chapter.59}% 388
\BOOKMARK [2][-]{subsection.59.2.1}{\376\377\0002\000.\0001\000\040\000s\000t\000d\000:\000:\000e\000n\000a\000b\000l\000e\000\137\000i\000f}{section.59.2}% 389
\BOOKMARK [2][-]{subsection.59.2.2}{\376\377\0002\000.\0002\000\040\000T\000h\000e\000\040\000v\000o\000i\000d\000\137\000t\000\040\000T\000r\000i\000c\000k\000\040\000\050\000C\000+\000+\0001\0007\000\051}{section.59.2}% 390
\BOOKMARK [1][-]{section.59.3}{\376\377\0003\000.\000\040\000C\000u\000r\000i\000o\000u\000s\000l\000y\000\040\000R\000e\000c\000u\000r\000r\000i\000n\000g\000\040\000T\000e\000m\000p\000l\000a\000t\000e\000\040\000P\000a\000t\000t\000e\000r\000n\000\040\000\050\000C\000R\000T\000P\000\051}{chapter.59}% 391
\BOOKMARK [1][-]{section.59.4}{\376\377\0004\000.\000\040\000P\000o\000l\000i\000c\000y\000-\000B\000a\000s\000e\000d\000\040\000D\000e\000s\000i\000g\000n}{chapter.59}% 392
\BOOKMARK [1][-]{section.59.5}{\376\377\0005\000.\000\040\000M\000o\000d\000e\000r\000n\000\040\000T\000M\000P\000\040\000w\000i\000t\000h\000\040\000C\000o\000n\000c\000e\000p\000t\000s\000\040\000\050\000C\000+\000+\0002\0000\000\051}{chapter.59}% 393
\BOOKMARK [0][-]{chapter.60}{\376\377\000C\000O\000M\000P\000I\000L\000E\000-\000T\000I\000M\000E\000\040\000P\000R\000O\000G\000R\000A\000M\000M\000I\000N\000G}{part.7}% 394
\BOOKMARK [1][-]{section.60.1}{\376\377\0001\000.\000\040\000c\000o\000n\000s\000t\000e\000x\000p\000r\000\040\000E\000v\000o\000l\000u\000t\000i\000o\000n}{chapter.60}% 395
\BOOKMARK [1][-]{section.60.2}{\376\377\0002\000.\000\040\000c\000o\000n\000s\000t\000e\000v\000a\000l\000\040\000\050\000C\000+\000+\0002\0000\000\051}{chapter.60}% 396
\BOOKMARK [1][-]{section.60.3}{\376\377\0003\000.\000\040\000T\000y\000p\000e\000\040\000T\000r\000a\000i\000t\000s\000\040\000\050\000<\000t\000y\000p\000e\000\137\000t\000r\000a\000i\000t\000s\000>\000\051}{chapter.60}% 397
\BOOKMARK [2][-]{subsection.60.3.1}{\376\377\0003\000.\0001\000\040\000Q\000u\000e\000r\000i\000e\000s}{section.60.3}% 398
\BOOKMARK [2][-]{subsection.60.3.2}{\376\377\0003\000.\0002\000\040\000T\000r\000a\000n\000s\000f\000o\000r\000m\000a\000t\000i\000o\000n\000s}{section.60.3}% 399
\BOOKMARK [1][-]{section.60.4}{\376\377\0004\000.\000\040\000s\000t\000d\000:\000:\000i\000n\000t\000e\000g\000r\000a\000l\000\137\000c\000o\000n\000s\000t\000a\000n\000t}{chapter.60}% 400
\BOOKMARK [1][-]{section.60.5}{\376\377\0005\000.\000\040\000R\000e\000f\000l\000e\000c\000t\000i\000o\000n\000\040\000\050\000C\000+\000+\0002\0006\000\040\000P\000r\000e\000v\000i\000e\000w\000\051}{chapter.60}% 401
\BOOKMARK [0][-]{chapter.61}{\376\377\000T\000H\000E\000\040\000M\000E\000M\000O\000R\000Y\000\040\000M\000O\000D\000E\000L\000\040\000\046\000\040\000A\000T\000O\000M\000I\000C\000S}{part.7}% 402
\BOOKMARK [1][-]{section.61.1}{\376\377\0001\000.\000\040\000T\000h\000e\000\040\000C\000+\000+\000\040\000M\000e\000m\000o\000r\000y\000\040\000M\000o\000d\000e\000l}{chapter.61}% 403
\BOOKMARK [1][-]{section.61.2}{\376\377\0002\000.\000\040\000A\000t\000o\000m\000i\000c\000\040\000O\000p\000e\000r\000a\000t\000i\000o\000n\000s}{chapter.61}% 404
\BOOKMARK [1][-]{section.61.3}{\376\377\0003\000.\000\040\000M\000e\000m\000o\000r\000y\000\040\000O\000r\000d\000e\000r\000i\000n\000g\000s}{chapter.61}% 405
\BOOKMARK [2][-]{subsection.61.3.1}{\376\377\0003\000.\0001\000\040\000S\000y\000n\000c\000h\000r\000o\000n\000i\000z\000e\000s\000-\000W\000i\000t\000h}{section.61.3}% 406
\BOOKMARK [1][-]{section.61.4}{\376\377\0004\000.\000\040\000F\000e\000n\000c\000e\000s}{chapter.61}% 407
\BOOKMARK [0][-]{chapter.62}{\376\377\000L\000O\000C\000K\000-\000F\000R\000E\000E\000\040\000P\000R\000O\000G\000R\000A\000M\000M\000I\000N\000G}{part.7}% 408
\BOOKMARK [1][-]{section.62.1}{\376\377\0001\000.\000\040\000T\000h\000e\000\040\000C\000o\000n\000c\000e\000p\000t}{chapter.62}% 409
\BOOKMARK [1][-]{section.62.2}{\376\377\0002\000.\000\040\000C\000o\000m\000p\000a\000r\000e\000-\000A\000n\000d\000-\000S\000w\000a\000p\000\040\000\050\000C\000A\000S\000\051}{chapter.62}% 410
\BOOKMARK [1][-]{section.62.3}{\376\377\0003\000.\000\040\000T\000h\000e\000\040\000A\000B\000A\000\040\000P\000r\000o\000b\000l\000e\000m}{chapter.62}% 411
\BOOKMARK [1][-]{section.62.4}{\376\377\0004\000.\000\040\000L\000o\000c\000k\000-\000F\000r\000e\000e\000\040\000D\000a\000t\000a\000\040\000S\000t\000r\000u\000c\000t\000u\000r\000e\000s}{chapter.62}% 412
\BOOKMARK [0][-]{chapter.63}{\376\377\000A\000D\000V\000A\000N\000C\000E\000D\000\040\000C\000O\000N\000C\000U\000R\000R\000E\000N\000C\000Y\000\040\000P\000A\000T\000T\000E\000R\000N\000S}{part.7}% 413
\BOOKMARK [1][-]{section.63.1}{\376\377\0001\000.\000\040\000T\000h\000r\000e\000a\000d\000\040\000P\000o\000o\000l\000s}{chapter.63}% 414
\BOOKMARK [1][-]{section.63.2}{\376\377\0002\000.\000\040\000T\000h\000e\000\040\000A\000c\000t\000o\000r\000\040\000M\000o\000d\000e\000l}{chapter.63}% 415
\BOOKMARK [1][-]{section.63.3}{\376\377\0003\000.\000\040\000D\000i\000s\000r\000u\000p\000t\000o\000r\000\040\000P\000a\000t\000t\000e\000r\000n}{chapter.63}% 416
\BOOKMARK [1][-]{section.63.4}{\376\377\0004\000.\000\040\000C\000o\000r\000o\000u\000t\000i\000n\000e\000s\000\040\000f\000o\000r\000\040\000C\000o\000n\000c\000u\000r\000r\000e\000n\000c\000y}{chapter.63}% 417
\BOOKMARK [1][-]{section.63.5}{\376\377\0005\000.\000\040\000F\000a\000l\000s\000e\000\040\000S\000h\000a\000r\000i\000n\000g}{chapter.63}% 418
\BOOKMARK [0][-]{chapter.64}{\376\377\000C\000U\000S\000T\000O\000M\000\040\000M\000E\000M\000O\000R\000Y\000\040\000A\000L\000L\000O\000C\000A\000T\000O\000R\000S}{part.7}% 419
\BOOKMARK [1][-]{section.64.1}{\376\377\0001\000.\000\040\000W\000h\000y\000\040\000C\000u\000s\000t\000o\000m\000\040\000A\000l\000l\000o\000c\000a\000t\000o\000r\000s\000?}{chapter.64}% 420
\BOOKMARK [1][-]{section.64.2}{\376\377\0002\000.\000\040\000L\000i\000n\000e\000a\000r\000\040\000/\000\040\000S\000t\000a\000c\000k\000\040\000A\000l\000l\000o\000c\000a\000t\000o\000r}{chapter.64}% 421
\BOOKMARK [1][-]{section.64.3}{\376\377\0003\000.\000\040\000P\000o\000o\000l\000\040\000A\000l\000l\000o\000c\000a\000t\000o\000r}{chapter.64}% 422
\BOOKMARK [1][-]{section.64.4}{\376\377\0004\000.\000\040\000s\000t\000d\000:\000:\000p\000m\000r\000\040\000\050\000P\000o\000l\000y\000m\000o\000r\000p\000h\000i\000c\000\040\000M\000e\000m\000o\000r\000y\000\040\000R\000e\000s\000o\000u\000r\000c\000e\000s\000\051}{chapter.64}% 423
\BOOKMARK [1][-]{section.64.5}{\376\377\0005\000.\000\040\000A\000l\000i\000g\000n\000m\000e\000n\000t}{chapter.64}% 424
\BOOKMARK [0][-]{chapter.65}{\376\377\000H\000I\000G\000H\000-\000P\000E\000R\000F\000O\000R\000M\000A\000N\000C\000E\000\040\000O\000P\000T\000I\000M\000I\000Z\000A\000T\000I\000O\000N}{part.7}% 425
\BOOKMARK [1][-]{section.65.1}{\376\377\0001\000.\000\040\000C\000P\000U\000\040\000C\000a\000c\000h\000i\000n\000g}{chapter.65}% 426
\BOOKMARK [1][-]{section.65.2}{\376\377\0002\000.\000\040\000B\000r\000a\000n\000c\000h\000\040\000P\000r\000e\000d\000i\000c\000t\000i\000o\000n}{chapter.65}% 427
\BOOKMARK [1][-]{section.65.3}{\376\377\0003\000.\000\040\000S\000I\000M\000D\000\040\000\050\000S\000i\000n\000g\000l\000e\000\040\000I\000n\000s\000t\000r\000u\000c\000t\000i\000o\000n\000,\000\040\000M\000u\000l\000t\000i\000p\000l\000e\000\040\000D\000a\000t\000a\000\051}{chapter.65}% 428
\BOOKMARK [1][-]{section.65.4}{\376\377\0004\000.\000\040\000L\000i\000n\000k\000\040\000T\000i\000m\000e\000\040\000O\000p\000t\000i\000m\000i\000z\000a\000t\000i\000o\000n\000\040\000\050\000L\000T\000O\000\051}{chapter.65}% 429
\BOOKMARK [1][-]{section.65.5}{\376\377\0005\000.\000\040\000P\000r\000o\000f\000i\000l\000e\000-\000G\000u\000i\000d\000e\000d\000\040\000O\000p\000t\000i\000m\000i\000z\000a\000t\000i\000o\000n\000\040\000\050\000P\000G\000O\000\051}{chapter.65}% 430
\BOOKMARK [0][-]{chapter.66}{\376\377\000W\000R\000I\000T\000I\000N\000G\000\040\000A\000\040\000C\000+\000+\000\040\000C\000O\000M\000P\000I\000L\000E\000R\000\040\000\050\000B\000A\000S\000I\000C\000S\000\051}{part.7}% 431
\BOOKMARK [1][-]{subsection.66.0.1}{\376\377\0001\0008\000.\0001\000\040\000L\000e\000x\000i\000c\000a\000l\000\040\000A\000n\000a\000l\000y\000s\000i\000s\000\040\000\050\000T\000o\000k\000e\000n\000i\000z\000e\000r\000\051}{chapter.66}% 432
\BOOKMARK [2][-]{subsection.66.0.2}{\376\377\0001\0008\000.\0002\000\040\000P\000a\000r\000s\000i\000n\000g\000\040\000\050\000R\000e\000c\000u\000r\000s\000i\000v\000e\000\040\000D\000e\000s\000c\000e\000n\000t\000\051}{subsection.66.0.1}% 433
\BOOKMARK [2][-]{subsection.66.0.3}{\376\377\0001\0008\000.\0003\000\040\000S\000e\000m\000a\000n\000t\000i\000c\000\040\000A\000n\000a\000l\000y\000s\000i\000s\000\040\000\050\000T\000y\000p\000e\000s\000\040\000\046\000\040\000S\000c\000o\000p\000e\000s\000\051}{subsection.66.0.1}% 434
\BOOKMARK [0][-]{chapter.67}{\376\377\000W\000R\000I\000T\000I\000N\000G\000\040\000A\000\040\000G\000A\000R\000B\000A\000G\000E\000\040\000C\000O\000L\000L\000E\000C\000T\000O\000R}{part.7}% 435
\BOOKMARK [1][-]{subsection.67.0.1}{\376\377\0002\0009\000.\0001\000\040\000M\000a\000r\000k\000-\000a\000n\000d\000-\000S\000w\000e\000e\000p\000\040\000B\000a\000s\000i\000c\000s}{chapter.67}% 436
\BOOKMARK [0][-]{chapter.68}{\376\377\000T\000H\000E\000\040\000S\000T\000A\000N\000D\000A\000R\000D\000\040\000L\000I\000B\000R\000A\000R\000Y\000\040\000F\000R\000O\000M\000\040\000S\000C\000R\000A\000T\000C\000H}{part.7}% 437
\BOOKMARK [1][-]{subsection.68.0.1}{\376\377\0001\0009\000.\0001\000\040\000I\000m\000p\000l\000e\000m\000e\000n\000t\000i\000n\000g\000\040\000m\000y\000:\000:\000v\000e\000c\000t\000o\000r}{chapter.68}% 438
\BOOKMARK [2][-]{subsection.68.0.2}{\376\377\0001\0009\000.\0002\000\040\000I\000m\000p\000l\000e\000m\000e\000n\000t\000i\000n\000g\000\040\000m\000y\000:\000:\000s\000h\000a\000r\000e\000d\000\137\000p\000t\000r}{subsection.68.0.1}% 439
\BOOKMARK [-1][-]{part.8}{\376\377\000V\000I\000I\000I\000\040\000V\000o\000l\000u\000m\000e\000\040\000V\000I\000I\000I\000:\000\040\000S\000p\000e\000c\000i\000a\000l\000i\000z\000e\000d\000\040\000D\000o\000m\000a\000i\000n\000s\000\040\000\040\000E\000x\000p\000e\000r\000t\000\040\000M\000a\000s\000t\000e\000r\000y}{}% 440
\BOOKMARK [0][-]{chapter.69}{\376\377\000D\000I\000S\000T\000R\000I\000B\000U\000T\000E\000D\000\040\000C\000+\000+}{part.8}% 441
\BOOKMARK [1][-]{subsection.69.0.1}{\376\377\0001\0006\000.\0001\000\040\000S\000e\000r\000i\000a\000l\000i\000z\000a\000t\000i\000o\000n\000\040\000\050\000B\000i\000n\000a\000r\000y\000\040\000P\000r\000o\000t\000o\000c\000o\000l\000s\000\051}{chapter.69}% 442
\BOOKMARK [2][-]{subsection.69.0.2}{\376\377\0001\0006\000.\0002\000\040\000R\000P\000C\000\040\000\050\000R\000e\000m\000o\000t\000e\000\040\000P\000r\000o\000c\000e\000d\000u\000r\000e\000\040\000C\000a\000l\000l\000\051\000\040\000C\000o\000n\000c\000e\000p\000t}{subsection.69.0.1}% 443
\BOOKMARK [2][-]{subsection.69.0.3}{\376\377\0001\0006\000.\0003\000\040\000C\000o\000n\000s\000e\000n\000s\000u\000s\000\040\000\050\000R\000a\000f\000t\000\040\000B\000a\000s\000i\000c\000s\000\051}{subsection.69.0.1}% 444
\BOOKMARK [0][-]{chapter.70}{\376\377\000N\000E\000T\000W\000O\000R\000K\000I\000N\000G\000\040\000F\000R\000O\000M\000\040\000S\000C\000R\000A\000T\000C\000H}{part.8}% 445
\BOOKMARK [1][-]{subsection.70.0.1}{\376\377\0002\0008\000.\0001\000\040\000B\000e\000r\000k\000e\000l\000e\000y\000\040\000S\000o\000c\000k\000e\000t\000s\000\040\000A\000P\000I}{chapter.70}% 446
\BOOKMARK [2][-]{subsection.70.0.2}{\376\377\0002\0008\000.\0002\000\040\000N\000o\000n\000-\000B\000l\000o\000c\000k\000i\000n\000g\000\040\000I\000/\000O\000\040\000\046\000\040\000E\000p\000o\000l\000l\000\040\000\050\000L\000i\000n\000u\000x\000\051}{subsection.70.0.1}% 447
\BOOKMARK [0][-]{chapter.71}{\376\377\000C\000+\000+\000\040\000I\000N\000\040\000T\000H\000E\000\040\000C\000L\000O\000U\000D}{part.8}% 448
\BOOKMARK [1][-]{subsection.71.0.1}{\376\377\0002\0000\000.\0001\000\040\000M\000i\000c\000r\000o\000s\000e\000r\000v\000i\000c\000e\000s\000\040\000w\000i\000t\000h\000\040\000C\000+\000+}{chapter.71}% 449
\BOOKMARK [2][-]{subsection.71.0.2}{\376\377\0002\0000\000.\0002\000\040\000S\000e\000r\000v\000e\000r\000l\000e\000s\000s\000\040\000C\000+\000+\000\040\000\050\000A\000W\000S\000\040\000L\000a\000m\000b\000d\000a\000\051}{subsection.71.0.1}% 450
\BOOKMARK [0][-]{chapter.72}{\376\377\000C\000R\000O\000S\000S\000-\000P\000L\000A\000T\000F\000O\000R\000M\000\040\000D\000E\000V\000E\000L\000O\000P\000M\000E\000N\000T}{part.8}% 451
\BOOKMARK [1][-]{subsection.72.0.1}{\376\377\0002\0001\000.\0001\000\040\000W\000e\000b\000A\000s\000s\000e\000m\000b\000l\000y\000\040\000\050\000W\000a\000s\000m\000\051\000\040\000w\000i\000t\000h\000\040\000E\000m\000s\000c\000r\000i\000p\000t\000e\000n}{chapter.72}% 452
\BOOKMARK [2][-]{subsection.72.0.2}{\376\377\0002\0001\000.\0002\000\040\000M\000o\000b\000i\000l\000e\000\040\000C\000+\000+\000\040\000\050\000A\000n\000d\000r\000o\000i\000d\000\040\000N\000D\000K\000\040\000\046\000\040\000J\000N\000I\000\051}{subsection.72.0.1}% 453
\BOOKMARK [0][-]{chapter.73}{\376\377\000G\000U\000I\000\040\000D\000E\000V\000E\000L\000O\000P\000M\000E\000N\000T\000\040\000W\000I\000T\000H\000\040\000C\000+\000+}{part.8}% 454
\BOOKMARK [1][-]{subsection.73.0.1}{\376\377\0002\0002\000.\0001\000\040\000Q\000t\000\040\000F\000r\000a\000m\000e\000w\000o\000r\000k\000\040\000\050\000R\000e\000t\000a\000i\000n\000e\000d\000\040\000M\000o\000d\000e\000\051}{chapter.73}% 455
\BOOKMARK [2][-]{subsection.73.0.2}{\376\377\0002\0002\000.\0002\000\040\000D\000e\000a\000r\000\040\000I\000m\000G\000u\000i\000\040\000\050\000I\000m\000m\000e\000d\000i\000a\000t\000e\000\040\000M\000o\000d\000e\000\051}{subsection.73.0.1}% 456
\BOOKMARK [0][-]{chapter.74}{\376\377\000S\000C\000I\000E\000N\000T\000I\000F\000I\000C\000\040\000C\000O\000M\000P\000U\000T\000I\000N\000G\000\040\000\046\000\040\000G\000P\000U}{part.8}% 457
\BOOKMARK [1][-]{subsection.74.0.1}{\376\377\0002\0003\000.\0001\000\040\000E\000i\000g\000e\000n\000\040\000\050\000L\000i\000n\000e\000a\000r\000\040\000A\000l\000g\000e\000b\000r\000a\000\051}{chapter.74}% 458
\BOOKMARK [2][-]{subsection.74.0.2}{\376\377\0002\0003\000.\0002\000\040\000C\000U\000D\000A\000\040\000\050\000G\000P\000U\000\040\000P\000r\000o\000g\000r\000a\000m\000m\000i\000n\000g\000\051}{subsection.74.0.1}% 459
\BOOKMARK [0][-]{chapter.75}{\376\377\000I\000N\000T\000E\000R\000O\000P\000E\000R\000A\000B\000I\000L\000I\000T\000Y}{part.8}% 460
\BOOKMARK [1][-]{subsection.75.0.1}{\376\377\0003\0005\000.\0001\000\040\000P\000y\000t\000h\000o\000n\000\040\000B\000i\000n\000d\000i\000n\000g\000s\000\040\000\050\000p\000y\000b\000i\000n\000d\0001\0001\000\051}{chapter.75}% 461
\BOOKMARK [2][-]{subsection.75.0.2}{\376\377\0003\0005\000.\0002\000\040\000J\000a\000v\000a\000\040\000N\000a\000t\000i\000v\000e\000\040\000I\000n\000t\000e\000r\000f\000a\000c\000e\000\040\000\050\000J\000N\000I\000\051}{subsection.75.0.1}% 462
\BOOKMARK [2][-]{subsection.75.0.3}{\376\377\0003\0005\000.\0003\000\040\000S\000t\000a\000b\000l\000e\000\040\000C\000\040\000A\000B\000I}{subsection.75.0.1}% 463
\BOOKMARK [0][-]{chapter.76}{\376\377\000S\000E\000C\000U\000R\000I\000T\000Y\000\040\000E\000N\000G\000I\000N\000E\000E\000R\000I\000N\000G}{part.8}% 464
\BOOKMARK [1][-]{subsection.76.0.1}{\376\377\0003\0006\000.\0001\000\040\000F\000u\000z\000z\000i\000n\000g\000\040\000\050\000l\000i\000b\000F\000u\000z\000z\000e\000r\000\040\000/\000\040\000A\000F\000L\000+\000+\000\051}{chapter.76}% 465
\BOOKMARK [2][-]{subsection.76.0.2}{\376\377\0003\0006\000.\0002\000\040\000C\000r\000y\000p\000t\000o\000g\000r\000a\000p\000h\000y\000\040\000\046\000\040\000T\000i\000m\000i\000n\000g\000\040\000A\000t\000t\000a\000c\000k\000s}{subsection.76.0.1}% 466
\BOOKMARK [2][-]{subsection.76.0.3}{\376\377\0003\0006\000.\0003\000\040\000S\000i\000d\000e\000-\000C\000h\000a\000n\000n\000e\000l\000\040\000M\000i\000t\000i\000g\000a\000t\000i\000o\000n\000s\000\040\000\050\000S\000p\000e\000c\000t\000r\000e\000\051}{subsection.76.0.1}% 467
\BOOKMARK [0][-]{chapter.77}{\376\377\000S\000P\000E\000C\000I\000A\000L\000I\000Z\000E\000D\000\040\000D\000O\000M\000A\000I\000N\000S}{part.8}% 468
\BOOKMARK [1][-]{subsection.77.0.1}{\376\377\0003\0007\000.\0001\000\040\000G\000a\000m\000e\000\040\000D\000e\000v\000e\000l\000o\000p\000m\000e\000n\000t\000\040\000\050\000D\000a\000t\000a\000-\000O\000r\000i\000e\000n\000t\000e\000d\000\040\000D\000e\000s\000i\000g\000n\000\051}{chapter.77}% 469
\BOOKMARK [2][-]{subsection.77.0.2}{\376\377\0003\0007\000.\0002\000\040\000E\000m\000b\000e\000d\000d\000e\000d\000\040\000S\000y\000s\000t\000e\000m\000s}{subsection.77.0.1}% 470
\BOOKMARK [2][-]{subsection.77.0.3}{\376\377\0003\0007\000.\0003\000\040\000H\000i\000g\000h\000-\000F\000r\000e\000q\000u\000e\000n\000c\000y\000\040\000T\000r\000a\000d\000i\000n\000g\000\040\000\050\000H\000F\000T\000\051}{subsection.77.0.1}% 471
\BOOKMARK [2][-]{subsection.77.0.4}{\376\377\0003\0007\000.\0004\000\040\000A\000u\000t\000o\000m\000o\000t\000i\000v\000e\000\040\000\050\000M\000I\000S\000R\000A\000\040\000C\000+\000+\000\040\000/\000\040\000A\000U\000T\000O\000S\000A\000R\000\051}{subsection.77.0.1}% 472
\BOOKMARK [1][-]{section.77.1}{\376\377\000F\000I\000N\000A\000L\000\040\000C\000O\000M\000P\000R\000E\000H\000E\000N\000S\000I\000V\000E\000\040\000C\000H\000E\000C\000K\000L\000I\000S\000T}{chapter.77}% 473
\BOOKMARK [2][-]{subsection.77.1.1}{\376\377\000C\000+\000+\0009\0008\000/\0000\0003\000\040\000F\000o\000u\000n\000d\000a\000t\000i\000o\000n}{section.77.1}% 474
\BOOKMARK [2][-]{subsection.77.1.2}{\376\377\000C\000+\000+\0001\0001\000\040\000M\000a\000j\000o\000r\000\040\000F\000e\000a\000t\000u\000r\000e\000s}{section.77.1}% 475
\BOOKMARK [2][-]{subsection.77.1.3}{\376\377\000C\000+\000+\0001\0004\000\040\000I\000m\000p\000r\000o\000v\000e\000m\000e\000n\000t\000s}{section.77.1}% 476
\BOOKMARK [2][-]{subsection.77.1.4}{\376\377\000C\000+\000+\0001\0007\000\040\000M\000o\000d\000e\000r\000n\000\040\000F\000e\000a\000t\000u\000r\000e\000s}{section.77.1}% 477
\BOOKMARK [2][-]{subsection.77.1.5}{\376\377\000C\000+\000+\0002\0000\000\040\000R\000e\000v\000o\000l\000u\000t\000i\000o\000n\000a\000r\000y}{section.77.1}% 478
\BOOKMARK [2][-]{subsection.77.1.6}{\376\377\000C\000+\000+\0002\0003\000\040\000L\000a\000t\000e\000s\000t}{section.77.1}% 479
\BOOKMARK [2][-]{subsection.77.1.7}{\376\377\000A\000d\000v\000a\000n\000c\000e\000d\000\040\000C\000o\000n\000c\000e\000p\000t\000s}{section.77.1}% 480
\BOOKMARK [2][-]{subsection.77.1.8}{\376\377\000C\000o\000n\000c\000u\000r\000r\000e\000n\000c\000y}{section.77.1}% 481
\BOOKMARK [2][-]{subsection.77.1.9}{\376\377\000P\000e\000r\000f\000o\000r\000m\000a\000n\000c\000e\000\040\000\046\000\040\000O\000p\000t\000i\000m\000i\000z\000a\000t\000i\000o\000n}{section.77.1}% 482
\BOOKMARK [2][-]{subsection.77.1.10}{\376\377\000S\000T\000L\000\040\000M\000a\000s\000t\000e\000r\000y}{section.77.1}% 483
\BOOKMARK [2][-]{subsection.77.1.11}{\376\377\000D\000e\000s\000i\000g\000n\000\040\000P\000a\000t\000t\000e\000r\000n\000s}{section.77.1}% 484
\BOOKMARK [2][-]{subsection.77.1.12}{\376\377\000P\000r\000o\000f\000e\000s\000s\000i\000o\000n\000a\000l\000\040\000D\000e\000v\000e\000l\000o\000p\000m\000e\000n\000t}{section.77.1}% 485
\BOOKMARK [1][-]{section.77.2}{\376\377\000K\000e\000y\000\040\000I\000n\000s\000i\000g\000h\000t\000s\000\040\000f\000o\000r\000\040\000C\000+\000+\000\040\000M\000a\000s\000t\000e\000r\000y}{chapter.77}% 486
\BOOKMARK [1][-]{section.77.3}{\376\377\000L\000e\000a\000r\000n\000i\000n\000g\000\040\000P\000a\000t\000h}{chapter.77}% 487
\BOOKMARK [1][-]{section.77.4}{\376\377\000R\000e\000s\000o\000u\000r\000c\000e\000s}{chapter.77}% 488
\BOOKMARK [2][-]{subsection.77.4.1}{\376\377\000O\000f\000f\000i\000c\000i\000a\000l\000\040\000D\000o\000c\000u\000m\000e\000n\000t\000a\000t\000i\000o\000n}{section.77.4}% 489
\BOOKMARK [2][-]{subsection.77.4.2}{\376\377\000B\000o\000o\000k\000s}{section.77.4}% 490
\BOOKMARK [2][-]{subsection.77.4.3}{\376\377\000P\000r\000a\000c\000t\000i\000c\000e}{section.77.4}% 491
\BOOKMARK [0][-]{chapter.78}{\376\377\000A\000B\000A\000\040\000P\000R\000O\000B\000L\000E\000M\000\040\000\046\000\040\000M\000E\000M\000O\000R\000Y\000\040\000R\000E\000C\000L\000A\000M\000A\000T\000I\000O\000N}{part.8}% 492
\BOOKMARK [1][-]{subsection.78.0.1}{\376\377\0001\000.\000\040\000T\000h\000e\000\040\000A\000B\000A\000\040\000P\000r\000o\000b\000l\000e\000m\000\040\000E\000x\000p\000l\000a\000i\000n\000e\000d}{chapter.78}% 493
\BOOKMARK [2][-]{subsection.78.0.2}{\376\377\0002\000.\000\040\000S\000o\000l\000u\000t\000i\000o\000n\000\040\000I\000:\000\040\000T\000a\000g\000g\000e\000d\000\040\000P\000o\000i\000n\000t\000e\000r\000s\000\040\000\050\000V\000e\000r\000s\000i\000o\000n\000\040\000C\000o\000u\000n\000t\000e\000r\000s\000\051}{subsection.78.0.1}% 494
\BOOKMARK [2][-]{subsection.78.0.3}{\376\377\0003\000.\000\040\000S\000o\000l\000u\000t\000i\000o\000n\000\040\000I\000I\000:\000\040\000H\000a\000z\000a\000r\000d\000\040\000P\000o\000i\000n\000t\000e\000r\000s\000\040\000\050\000T\000h\000e\000\040\000G\000o\000l\000d\000\040\000S\000t\000a\000n\000d\000a\000r\000d\000\051}{subsection.78.0.1}% 495
\BOOKMARK [2][-]{subsection.78.0.4}{\376\377\0004\000.\000\040\000S\000o\000l\000u\000t\000i\000o\000n\000\040\000I\000I\000I\000:\000\040\000E\000p\000o\000c\000h\000-\000B\000a\000s\000e\000d\000\040\000R\000e\000c\000l\000a\000m\000a\000t\000i\000o\000n\000\040\000\050\000E\000B\000R\000\051}{subsection.78.0.1}% 496
\BOOKMARK [0][-]{chapter.79}{\376\377\000T\000E\000M\000P\000L\000A\000T\000E\000\040\000M\000E\000T\000A\000P\000R\000O\000G\000R\000A\000M\000M\000I\000N\000G\000\040\000P\000A\000T\000T\000E\000R\000N\000S}{part.8}% 497
\BOOKMARK [1][-]{subsection.79.0.1}{\376\377\0001\000.\000\040\000E\000x\000p\000r\000e\000s\000s\000i\000o\000n\000\040\000T\000e\000m\000p\000l\000a\000t\000e\000s\000\040\000\050\000L\000a\000z\000y\000\040\000E\000v\000a\000l\000u\000a\000t\000i\000o\000n\000\051}{chapter.79}% 498
\BOOKMARK [2][-]{subsection.79.0.2}{\376\377\0002\000.\000\040\000T\000y\000p\000e\000\040\000E\000r\000a\000s\000u\000r\000e\000\040\000\050\000T\000h\000e\000\040\000s\000t\000d\000:\000:\000a\000n\000y\000\040\000P\000a\000t\000t\000e\000r\000n\000\051}{subsection.79.0.1}% 499
\BOOKMARK [2][-]{subsection.79.0.3}{\376\377\0003\000.\000\040\000T\000h\000e\000\040\000D\000e\000t\000e\000c\000t\000i\000o\000n\000\040\000I\000d\000i\000o\000m\000\040\000\050\000v\000o\000i\000d\000\137\000t\000\051}{subsection.79.0.1}% 500
\BOOKMARK [2][-]{subsection.79.0.4}{\376\377\0004\000.\000\040\000P\000o\000l\000i\000c\000y\000-\000B\000a\000s\000e\000d\000\040\000D\000e\000s\000i\000g\000n}{subsection.79.0.1}% 501
\BOOKMARK [0][-]{chapter.80}{\376\377\000H\000I\000G\000H\000-\000P\000E\000R\000F\000O\000R\000M\000A\000N\000C\000E\000\040\000D\000A\000T\000A\000\040\000S\000T\000R\000U\000C\000T\000U\000R\000E\000S}{part.8}% 502
\BOOKMARK [1][-]{subsection.80.0.1}{\376\377\0001\000.\000\040\000T\000h\000e\000\040\000D\000i\000s\000r\000u\000p\000t\000o\000r\000\040\000\050\000R\000i\000n\000g\000\040\000B\000u\000f\000f\000e\000r\000\040\000o\000n\000\040\000S\000t\000e\000r\000o\000i\000d\000s\000\051}{chapter.80}% 503
\BOOKMARK [2][-]{subsection.80.0.2}{\376\377\0002\000.\000\040\000S\000w\000i\000s\000s\000\040\000T\000a\000b\000l\000e\000\040\000\050\000O\000p\000e\000n\000\040\000A\000d\000d\000r\000e\000s\000s\000i\000n\000g\000\040\000+\000\040\000M\000e\000t\000a\000d\000a\000t\000a\000\051}{subsection.80.0.1}% 504
\BOOKMARK [2][-]{subsection.80.0.3}{\376\377\0003\000.\000\040\000B\000u\000r\000s\000t\000\040\000T\000r\000i\000e\000s\000\040\000/\000\040\000J\000u\000d\000y\000\040\000A\000r\000r\000a\000y\000s}{subsection.80.0.1}% 505
\BOOKMARK [2][-]{subsection.80.0.4}{\376\377\0004\000.\000\040\000S\000l\000o\000t\000\040\000M\000a\000p}{subsection.80.0.1}% 506
\BOOKMARK [0][-]{chapter.81}{\376\377\000R\000E\000A\000L\000-\000T\000I\000M\000E\000\040\000A\000U\000D\000I\000O\000\040\000\046\000\040\000S\000I\000G\000N\000A\000L\000\040\000P\000R\000O\000C\000E\000S\000S\000I\000N\000G}{part.8}% 507
\BOOKMARK [1][-]{subsection.81.0.1}{\376\377\0001\000.\000\040\000L\000o\000c\000k\000-\000F\000r\000e\000e\000\040\000I\000P\000C\000\040\000\050\000S\000P\000S\000C\000\040\000Q\000u\000e\000u\000e\000\051}{chapter.81}% 508
\BOOKMARK [2][-]{subsection.81.0.2}{\376\377\0002\000.\000\040\000S\000I\000M\000D\000\040\000f\000o\000r\000\040\000D\000S\000P}{subsection.81.0.1}% 509
\BOOKMARK [2][-]{subsection.81.0.3}{\376\377\0003\000.\000\040\000D\000o\000u\000b\000l\000e\000\040\000B\000u\000f\000f\000e\000r\000i\000n\000g}{subsection.81.0.1}% 510
\BOOKMARK [0][-]{chapter.82}{\376\377\000R\000O\000B\000O\000T\000I\000C\000S\000\040\000\046\000\040\000R\000O\000S\0002\000\040\000D\000E\000V\000E\000L\000O\000P\000M\000E\000N\000T}{part.8}% 511
\BOOKMARK [1][-]{subsection.82.0.1}{\376\377\0001\000.\000\040\000R\000O\000S\0002\000\040\000A\000r\000c\000h\000i\000t\000e\000c\000t\000u\000r\000e\000\040\000\046\000\040\000D\000D\000S}{chapter.82}% 512
\BOOKMARK [2][-]{subsection.82.0.2}{\376\377\0002\000.\000\040\000Z\000e\000r\000o\000-\000C\000o\000p\000y\000\040\000T\000r\000a\000n\000s\000p\000o\000r\000t\000\040\000\050\000I\000c\000e\000o\000r\000y\000x\000\051}{subsection.82.0.1}% 513
\BOOKMARK [2][-]{subsection.82.0.3}{\376\377\0003\000.\000\040\000R\000e\000a\000l\000-\000T\000i\000m\000e\000\040\000E\000x\000e\000c\000u\000t\000o\000r\000s}{subsection.82.0.1}% 514
\BOOKMARK [2][-]{subsection.82.0.4}{\376\377\0004\000.\000\040\000C\000u\000s\000t\000o\000m\000\040\000A\000l\000l\000o\000c\000a\000t\000o\000r\000s\000\040\000\050\000s\000t\000d\000:\000:\000p\000m\000r\000\051}{subsection.82.0.1}% 515
\BOOKMARK [0][-]{chapter.83}{\376\377\000M\000A\000C\000H\000I\000N\000E\000\040\000L\000E\000A\000R\000N\000I\000N\000G\000\040\000I\000N\000F\000R\000A\000S\000T\000R\000U\000C\000T\000U\000R\000E}{part.8}% 516
\BOOKMARK [1][-]{subsection.83.0.1}{\376\377\0001\000.\000\040\000T\000e\000n\000s\000o\000r\000\040\000M\000e\000m\000o\000r\000y\000\040\000L\000a\000y\000o\000u\000t}{chapter.83}% 517
\BOOKMARK [2][-]{subsection.83.0.2}{\376\377\0002\000.\000\040\000B\000r\000o\000a\000d\000c\000a\000s\000t\000i\000n\000g\000\040\000I\000m\000p\000l\000e\000m\000e\000n\000t\000a\000t\000i\000o\000n}{subsection.83.0.1}% 518
\BOOKMARK [2][-]{subsection.83.0.3}{\376\377\0003\000.\000\040\000A\000u\000t\000o\000m\000a\000t\000i\000c\000\040\000D\000i\000f\000f\000e\000r\000e\000n\000t\000i\000a\000t\000i\000o\000n\000\040\000\050\000A\000u\000t\000o\000g\000r\000a\000d\000\051}{subsection.83.0.1}% 519
\BOOKMARK [2][-]{subsection.83.0.4}{\376\377\0004\000.\000\040\000O\000p\000e\000r\000a\000t\000o\000r\000\040\000F\000u\000s\000i\000o\000n}{subsection.83.0.1}% 520
\BOOKMARK [0][-]{chapter.84}{\376\377\000D\000A\000T\000A\000B\000A\000S\000E\000\040\000I\000N\000T\000E\000R\000N\000A\000L\000S\000\040\000\050\000L\000S\000M\000\040\000T\000R\000E\000E\000S\000\051}{part.8}% 521
\BOOKMARK [1][-]{subsection.84.0.1}{\376\377\0001\000.\000\040\000T\000h\000e\000\040\000W\000r\000i\000t\000e\000\040\000P\000r\000o\000b\000l\000e\000m}{chapter.84}% 522
\BOOKMARK [2][-]{subsection.84.0.2}{\376\377\0002\000.\000\040\000L\000S\000M\000\040\000T\000r\000e\000e\000\040\000\050\000L\000o\000g\000-\000S\000t\000r\000u\000c\000t\000u\000r\000e\000d\000\040\000M\000e\000r\000g\000e\000\040\000T\000r\000e\000e\000\051}{subsection.84.0.1}% 523
\BOOKMARK [2][-]{subsection.84.0.3}{\376\377\0003\000.\000\040\000B\000l\000o\000o\000m\000\040\000F\000i\000l\000t\000e\000r\000s}{subsection.84.0.1}% 524
\BOOKMARK [2][-]{subsection.84.0.4}{\376\377\0004\000.\000\040\000M\000e\000m\000o\000r\000y\000\040\000M\000a\000p\000p\000e\000d\000\040\000I\000/\000O\000\040\000\050\000m\000m\000a\000p\000\051}{subsection.84.0.1}% 525
\BOOKMARK [0][-]{chapter.85}{\376\377\000T\000H\000E\000\040\000U\000L\000T\000I\000M\000A\000T\000E\000\040\000A\000L\000G\000O\000R\000I\000T\000H\000M\000\040\000R\000E\000F\000E\000R\000E\000N\000C\000E}{part.8}% 526
\BOOKMARK [1][-]{subsection.85.0.1}{\376\377\0002\0007\000.\0001\000\040\000N\000o\000n\000-\000M\000o\000d\000i\000f\000y\000i\000n\000g\000\040\000S\000e\000q\000u\000e\000n\000c\000e\000\040\000O\000p\000e\000r\000a\000t\000i\000o\000n\000s}{chapter.85}% 527
\BOOKMARK [2][-]{subsection.85.0.2}{\376\377\0002\0007\000.\0002\000\040\000M\000o\000d\000i\000f\000y\000i\000n\000g\000\040\000S\000e\000q\000u\000e\000n\000c\000e\000\040\000O\000p\000e\000r\000a\000t\000i\000o\000n\000s}{subsection.85.0.1}% 528
\BOOKMARK [2][-]{subsection.85.0.3}{\376\377\0002\0007\000.\0003\000\040\000P\000a\000r\000t\000i\000t\000i\000o\000n\000i\000n\000g}{subsection.85.0.1}% 529
\BOOKMARK [2][-]{subsection.85.0.4}{\376\377\0002\0007\000.\0004\000\040\000S\000o\000r\000t\000i\000n\000g}{subsection.85.0.1}% 530
\BOOKMARK [2][-]{subsection.85.0.5}{\376\377\0002\0007\000.\0005\000\040\000B\000i\000n\000a\000r\000y\000\040\000S\000e\000a\000r\000c\000h\000\040\000\050\000O\000n\000\040\000S\000o\000r\000t\000e\000d\000\040\000R\000a\000n\000g\000e\000s\000\051}{subsection.85.0.1}% 531
\BOOKMARK [2][-]{subsection.85.0.6}{\376\377\0002\0007\000.\0006\000\040\000N\000u\000m\000e\000r\000i\000c\000\040\000O\000p\000e\000r\000a\000t\000i\000o\000n\000s\000\040\000\050\000\051}{subsection.85.0.1}% 532
\BOOKMARK [0][-]{chapter.86}{\376\377\000C\000A\000P\000S\000T\000O\000N\000E\000\040\000P\000R\000O\000J\000E\000C\000T\000\040\000-\000\040\000H\000I\000G\000H\000-\000P\000E\000R\000F\000O\000R\000M\000A\000N\000C\000E\000\040\000O\000R\000D\000E\000R\000\040\000B\000O\000O\000K}{part.8}% 533
\BOOKMARK [1][-]{subsection.86.0.1}{\376\377\000P\000r\000o\000j\000e\000c\000t\000\040\000S\000t\000r\000u\000c\000t\000u\000r\000e}{chapter.86}% 534
\BOOKMARK [2][-]{subsection.86.0.2}{\376\377\0001\000.\000\040\000T\000y\000p\000e\000s\000\040\000M\000o\000d\000u\000l\000e\000\040\000\050\000t\000y\000p\000e\000s\000.\000c\000p\000p\000m\000\051}{subsection.86.0.1}% 535
\BOOKMARK [2][-]{subsection.86.0.3}{\376\377\0002\000.\000\040\000O\000r\000d\000e\000r\000\040\000M\000o\000d\000u\000l\000e\000\040\000\050\000o\000r\000d\000e\000r\000.\000c\000p\000p\000m\000\051}{subsection.86.0.1}% 536
\BOOKMARK [2][-]{subsection.86.0.4}{\376\377\0003\000.\000\040\000O\000r\000d\000e\000r\000\040\000B\000o\000o\000k\000\040\000M\000o\000d\000u\000l\000e\000\040\000\050\000b\000o\000o\000k\000.\000c\000p\000p\000m\000\051}{subsection.86.0.1}% 537
\BOOKMARK [2][-]{subsection.86.0.5}{\376\377\0004\000.\000\040\000M\000a\000i\000n\000\040\000A\000p\000p\000l\000i\000c\000a\000t\000i\000o\000n\000\040\000\050\000m\000a\000i\000n\000.\000c\000p\000p\000\051}{subsection.86.0.1}% 538
\BOOKMARK [0][-]{chapter.87}{\376\377\000A\000P\000P\000E\000N\000D\000I\000C\000E\000S}{part.8}% 539
\BOOKMARK [0][-]{appendix.A}{\376\377\000A\000p\000p\000e\000n\000d\000i\000x\000\040\000A\000:\000\040\000C\000+\000+\000\040\000K\000e\000y\000w\000o\000r\000d\000s\000\040\000\046\000\040\000O\000p\000e\000r\000a\000t\000o\000r\000s\000\040\000R\000e\000f\000e\000r\000e\000n\000c\000e}{part.8}% 540
\BOOKMARK [1][-]{subsection.A.0.1}{\376\377\000E\000s\000s\000e\000n\000t\000i\000a\000l\000\040\000K\000e\000y\000w\000o\000r\000d\000s\000\040\000\050\000N\000o\000n\000-\000E\000x\000h\000a\000u\000s\000t\000i\000v\000e\000\051}{appendix.A}% 541
\BOOKMARK [2][-]{subsection.A.0.2}{\376\377\000S\000p\000e\000c\000i\000a\000l\000\040\000O\000p\000e\000r\000a\000t\000o\000r\000s}{subsection.A.0.1}% 542
\BOOKMARK [0][-]{appendix.B}{\376\377\000A\000p\000p\000e\000n\000d\000i\000x\000\040\000B\000:\000\040\000C\000o\000m\000m\000o\000n\000\040\000A\000c\000r\000o\000n\000y\000m\000s}{part.8}% 543
\BOOKMARK [0][-]{appendix.C}{\376\377\000A\000p\000p\000e\000n\000d\000i\000x\000\040\000C\000:\000\040\000R\000e\000c\000o\000m\000m\000e\000n\000d\000e\000d\000\040\000T\000o\000o\000l\000i\000n\000g}{part.8}% 544
\BOOKMARK [1][-]{subsection.C.0.1}{\376\377\000C\000o\000m\000p\000i\000l\000e\000r\000s}{appendix.C}% 545
\BOOKMARK [2][-]{subsection.C.0.2}{\376\377\000B\000u\000i\000l\000d\000\040\000S\000y\000s\000t\000e\000m\000s}{subsection.C.0.1}% 546
\BOOKMARK [2][-]{subsection.C.0.3}{\376\377\000P\000a\000c\000k\000a\000g\000e\000\040\000M\000a\000n\000a\000g\000e\000r\000s}{subsection.C.0.1}% 547
\BOOKMARK [2][-]{subsection.C.0.4}{\376\377\000S\000t\000a\000t\000i\000c\000\040\000A\000n\000a\000l\000y\000s\000i\000s\000\040\000\046\000\040\000S\000a\000n\000i\000t\000i\000z\000e\000r\000s}{subsection.C.0.1}% 548
\BOOKMARK [0][-]{appendix.D}{\376\377\000A\000p\000p\000e\000n\000d\000i\000x\000\040\000D\000:\000\040\000C\000o\000m\000m\000o\000n\000\040\000C\000+\000+\000\040\000T\000r\000a\000p\000s\000\040\000\046\000\040\000P\000i\000t\000f\000a\000l\000l\000s}{part.8}% 549
\BOOKMARK [1][-]{subsection.D.0.1}{\376\377\000I\000.\000\040\000G\000e\000n\000e\000r\000a\000l\000\040\000\046\000\040\000S\000y\000n\000t\000a\000x\000\040\000T\000r\000a\000p\000s}{appendix.D}% 550
\BOOKMARK [2][-]{subsection.D.0.2}{\376\377\000I\000I\000.\000\040\000P\000o\000i\000n\000t\000e\000r\000s\000,\000\040\000R\000e\000f\000e\000r\000e\000n\000c\000e\000s\000\040\000\046\000\040\000M\000e\000m\000o\000r\000y}{subsection.D.0.1}% 551
\BOOKMARK [2][-]{subsection.D.0.3}{\376\377\000I\000I\000I\000.\000\040\000C\000l\000a\000s\000s\000e\000s\000\040\000\046\000\040\000O\000O\000P}{subsection.D.0.1}% 552
\BOOKMARK [2][-]{subsection.D.0.4}{\376\377\000I\000V\000.\000\040\000C\000o\000n\000c\000u\000r\000r\000e\000n\000c\000y}{subsection.D.0.1}% 553
\BOOKMARK [2][-]{subsection.D.0.5}{\376\377\000V\000.\000\040\000M\000o\000d\000e\000r\000n\000\040\000C\000+\000+\000\040\000\046\000\040\000M\000a\000c\000r\000o\000s}{subsection.D.0.1}% 554
\BOOKMARK [0][-]{appendix.E}{\376\377\000A\000p\000p\000e\000n\000d\000i\000x\000\040\000E\000:\000\040\000C\000+\000+\000\040\000I\000n\000t\000e\000r\000v\000i\000e\000w\000\040\000C\000h\000e\000a\000t\000\040\000S\000h\000e\000e\000t}{part.8}% 555
\BOOKMARK [1][-]{subsection.E.0.1}{\376\377\000C\000o\000r\000e\000\040\000C\000o\000n\000c\000e\000p\000t\000s}{appendix.E}% 556
\BOOKMARK [2][-]{subsection.E.0.2}{\376\377\000M\000o\000d\000e\000r\000n\000\040\000C\000+\000+\000\040\000\050\000C\000+\000+\0001\0001\000/\0001\0004\000/\0001\0007\000/\0002\0000\000\051}{subsection.E.0.1}% 557
\BOOKMARK [2][-]{subsection.E.0.3}{\376\377\000S\000y\000s\000t\000e\000m\000\040\000D\000e\000s\000i\000g\000n\000\040\000Q\000u\000e\000s\000t\000i\000o\000n\000s}{subsection.E.0.1}% 558
\BOOKMARK [2][-]{subsection.E.0.4}{\376\377\000Q\000u\000i\000c\000k\000\040\000C\000o\000d\000i\000n\000g}{subsection.E.0.1}% 559
\BOOKMARK [0][-]{appendix.F}{\376\377\000A\000p\000p\000e\000n\000d\000i\000x\000\040\000F\000:\000\040\000T\000h\000e\000\040\000C\000+\000+\000\040\000S\000t\000a\000n\000d\000a\000r\000d\000\040\000E\000v\000o\000l\000u\000t\000i\000o\000n\000\040\000M\000a\000t\000r\000i\000x}{part.8}% 560
\BOOKMARK [1][-]{subsection.F.0.1}{\376\377\0001\000.\000\040\000V\000e\000r\000s\000i\000o\000n\000e\000d\000\040\000C\000h\000a\000n\000g\000e\000l\000o\000g}{appendix.F}% 561
\BOOKMARK [2][-]{subsection.F.0.2}{\376\377\0002\000.\000\040\000F\000e\000a\000t\000u\000r\000e\000\040\000M\000a\000t\000r\000i\000x}{subsection.F.0.1}% 562
\BOOKMARK [2][-]{subsection.F.0.3}{\376\377\0003\000.\000\040\000T\000i\000m\000e\000l\000i\000n\000e\000\040\000\046\000\040\000R\000e\000l\000e\000a\000s\000e\000\040\000A\000c\000c\000u\000r\000a\000c\000y}{subsection.F.0.1}% 563
\BOOKMARK [0][-]{appendix.G}{\376\377\000A\000p\000p\000e\000n\000d\000i\000x\000\040\000G\000:\000\040\000C\000+\000+\000\040\000S\000t\000a\000n\000d\000a\000r\000d\000\040\000L\000i\000b\000r\000a\000r\000y\000\040\000H\000e\000a\000d\000e\000r\000s\000\040\000R\000e\000f\000e\000r\000e\000n\000c\000e}{part.8}% 564
\BOOKMARK [1][-]{subsection.G.0.1}{\376\377\000C\000o\000n\000c\000e\000p\000t\000s\000\040\000\046\000\040\000U\000t\000i\000l\000i\000t\000i\000e\000s}{appendix.G}% 565
\BOOKMARK [2][-]{subsection.G.0.2}{\376\377\000C\000o\000n\000t\000a\000i\000n\000e\000r\000s}{subsection.G.0.1}% 566
\BOOKMARK [2][-]{subsection.G.0.3}{\376\377\000A\000l\000g\000o\000r\000i\000t\000h\000m\000s\000\040\000\046\000\040\000I\000t\000e\000r\000a\000t\000o\000r\000s}{subsection.G.0.1}% 567
\BOOKMARK [2][-]{subsection.G.0.4}{\376\377\000C\000o\000n\000c\000u\000r\000r\000e\000n\000c\000y}{subsection.G.0.1}% 568
\BOOKMARK [2][-]{subsection.G.0.5}{\376\377\000I\000n\000p\000u\000t\000/\000O\000u\000t\000p\000u\000t}{subsection.G.0.1}% 569
\BOOKMARK [2][-]{subsection.G.0.6}{\376\377\000N\000u\000m\000e\000r\000i\000c\000s\000\040\000\046\000\040\000M\000a\000t\000h}{subsection.G.0.1}% 570
\BOOKMARK [0][-]{appendix.H}{\376\377\000A\000p\000p\000e\000n\000d\000i\000x\000\040\000H\000:\000\040\000P\000r\000o\000f\000e\000s\000s\000i\000o\000n\000a\000l\000\040\000C\000+\000+\000\040\000I\000d\000i\000o\000m\000s}{part.8}% 571
\BOOKMARK [1][-]{subsection.H.0.1}{\376\377\0001\000.\000\040\000R\000A\000I\000I\000\040\000\050\000R\000e\000s\000o\000u\000r\000c\000e\000\040\000A\000c\000q\000u\000i\000s\000i\000t\000i\000o\000n\000\040\000I\000s\000\040\000I\000n\000i\000t\000i\000a\000l\000i\000z\000a\000t\000i\000o\000n\000\051}{appendix.H}% 572
\BOOKMARK [2][-]{subsection.H.0.2}{\376\377\0002\000.\000\040\000P\000i\000m\000p\000l\000\040\000\050\000P\000o\000i\000n\000t\000e\000r\000\040\000t\000o\000\040\000I\000m\000p\000l\000e\000m\000e\000n\000t\000a\000t\000i\000o\000n\000\051}{subsection.H.0.1}% 573
\BOOKMARK [2][-]{subsection.H.0.3}{\376\377\0003\000.\000\040\000C\000o\000p\000y\000-\000a\000n\000d\000-\000S\000w\000a\000p}{subsection.H.0.1}% 574
\BOOKMARK [2][-]{subsection.H.0.4}{\376\377\0004\000.\000\040\000N\000V\000I\000\040\000\050\000N\000o\000n\000-\000V\000i\000r\000t\000u\000a\000l\000\040\000I\000n\000t\000e\000r\000f\000a\000c\000e\000\051}{subsection.H.0.1}% 575
\BOOKMARK [2][-]{subsection.H.0.5}{\376\377\0005\000.\000\040\000E\000r\000a\000s\000e\000-\000R\000e\000m\000o\000v\000e\000\040\000I\000d\000i\000o\000m}{subsection.H.0.1}% 576
\BOOKMARK [2][-]{subsection.H.0.6}{\376\377\0006\000.\000\040\000S\000F\000I\000N\000A\000E\000\040\000\050\000S\000u\000b\000s\000t\000i\000t\000u\000t\000i\000o\000n\000\040\000F\000a\000i\000l\000u\000r\000e\000\040\000I\000s\000\040\000N\000o\000t\000\040\000A\000n\000\040\000E\000r\000r\000o\000r\000\051}{subsection.H.0.1}% 577
\BOOKMARK [2][-]{subsection.H.0.7}{\376\377\0007\000.\000\040\000C\000R\000T\000P\000\040\000\050\000C\000u\000r\000i\000o\000u\000s\000l\000y\000\040\000R\000e\000c\000u\000r\000r\000i\000n\000g\000\040\000T\000e\000m\000p\000l\000a\000t\000e\000\040\000P\000a\000t\000t\000e\000r\000n\000\051}{subsection.H.0.1}% 578
