id,kind,part,lesson,concept,source,note,anchor,lab,practice,status
R01-01,concept,0,R01,Virtual pages versus physical frames,official/prereqs-concepts; diagnostic test,Part-0-Refresher/R01-Virtual-Memory-and-Caches.md,Virtual pages versus physical frames,labs/lab-00-refresher,Practice/Practice-R.md,done
R01-02,concept,0,R01,Page tables and multi-level page tables,official/prereqs-concepts; diagnostic test,Part-0-Refresher/R01-Virtual-Memory-and-Caches.md,Page tables and multi-level page tables,labs/lab-00-refresher,Practice/Practice-R.md,done
R01-03,concept,0,R01,TLB and TLB shootdown,official/prereqs-concepts; diagnostic test,Part-0-Refresher/R01-Virtual-Memory-and-Caches.md,TLB and TLB shootdown,labs/lab-00-refresher,Practice/Practice-R.md,done
R01-04,concept,0,R01,Address translation with a virtually indexed physically tagged cache,official/prereqs-concepts; diagnostic test,Part-0-Refresher/R01-Virtual-Memory-and-Caches.md,Address translation with a virtually indexed physically tagged cache,labs/lab-00-refresher,Practice/Practice-R.md,done
R01-05,concept,0,R01,Page fault handling end to end,official/prereqs-concepts; diagnostic test,Part-0-Refresher/R01-Virtual-Memory-and-Caches.md,Page fault handling end to end,labs/lab-00-refresher,Practice/Practice-R.md,done
R01-06,concept,0,R01,Page replacement policies,official/prereqs-concepts; diagnostic test,Part-0-Refresher/R01-Virtual-Memory-and-Caches.md,Page replacement policies,labs/lab-00-refresher,Practice/Practice-R.md,done
R01-07,concept,0,R01,Working set and thrashing,official/prereqs-concepts; diagnostic test,Part-0-Refresher/R01-Virtual-Memory-and-Caches.md,Working set and thrashing,labs/lab-00-refresher,Practice/Practice-R.md,done
R01-08,concept,0,R01,"Paging daemon, swapper, loader, and linker",official/prereqs-concepts; diagnostic test,Part-0-Refresher/R01-Virtual-Memory-and-Caches.md,"Paging daemon, swapper, loader, and linker",labs/lab-00-refresher,Practice/Practice-R.md,done
R01-09,concept,0,R01,Segmentation versus paging,official/prereqs-concepts; diagnostic test,Part-0-Refresher/R01-Virtual-Memory-and-Caches.md,Segmentation versus paging,labs/lab-00-refresher,Practice/Practice-R.md,done
R01-10,concept,0,R01,Page coloring,official/prereqs-concepts; diagnostic test,Part-0-Refresher/R01-Virtual-Memory-and-Caches.md,Page coloring,labs/lab-00-refresher,Practice/Practice-R.md,done
R01-11,concept,0,R01,Cache organization and associativity,official/prereqs-concepts; diagnostic test,Part-0-Refresher/R01-Virtual-Memory-and-Caches.md,Cache organization and associativity,labs/lab-00-refresher,Practice/Practice-R.md,done
R01-12,concept,0,R01,Cache replacement policies,official/prereqs-concepts; diagnostic test,Part-0-Refresher/R01-Virtual-Memory-and-Caches.md,Cache replacement policies,labs/lab-00-refresher,Practice/Practice-R.md,done
R01-13,concept,0,R01,Cache coherence: update versus invalidate,official/prereqs-concepts; diagnostic test,Part-0-Refresher/R01-Virtual-Memory-and-Caches.md,Cache coherence: update versus invalidate,labs/lab-00-refresher,Practice/Practice-R.md,done
R01-14,concept,0,R01,L1 and L2 caches in multicore chips,official/prereqs-concepts; diagnostic test,Part-0-Refresher/R01-Virtual-Memory-and-Caches.md,L1 and L2 caches in multicore chips,labs/lab-00-refresher,Practice/Practice-R.md,done
R02-01,concept,0,R02,SMP versus NUMA,official/prereqs-concepts; diagnostic test,Part-0-Refresher/R02-Architecture-Storage-and-Networking.md,SMP versus NUMA,labs/lab-00-refresher,Practice/Practice-R.md,done
R02-02,concept,0,R02,File system data structures and inodes,official/prereqs-concepts; diagnostic test,Part-0-Refresher/R02-Architecture-Storage-and-Networking.md,File system data structures and inodes,labs/lab-00-refresher,Practice/Practice-R.md,done
R02-03,concept,0,R02,Block devices and the file system,official/prereqs-concepts; diagnostic test,Part-0-Refresher/R02-Architecture-Storage-and-Networking.md,Block devices and the file system,labs/lab-00-refresher,Practice/Practice-R.md,done
R02-04,concept,0,R02,Network protocol stack layers in Linux,official/prereqs-concepts; diagnostic test,Part-0-Refresher/R02-Architecture-Storage-and-Networking.md,Network protocol stack layers in Linux,labs/lab-00-refresher,Practice/Practice-R.md,done
R02-05,concept,0,R02,Data path from application to NIC,official/prereqs-concepts; diagnostic test,Part-0-Refresher/R02-Architecture-Storage-and-Networking.md,Data path from application to NIC,labs/lab-00-refresher,Practice/Practice-R.md,done
R03-01,concept,0,R03,Concurrency versus parallelism,official/prereqs-concepts; diagnostic test,Part-0-Refresher/R03-Concurrency-and-the-Kernel.md,Concurrency versus parallelism,labs/lab-00-refresher,Practice/Practice-R.md,done
R03-02,concept,0,R03,Process and thread context switch and its costs,official/prereqs-concepts; diagnostic test,Part-0-Refresher/R03-Concurrency-and-the-Kernel.md,Process and thread context switch and its costs,labs/lab-00-refresher,Practice/Practice-R.md,done
R03-03,concept,0,R03,"How the kernel gets control: traps, interrupts, and system calls",official/prereqs-concepts; diagnostic test,Part-0-Refresher/R03-Concurrency-and-the-Kernel.md,"How the kernel gets control: traps, interrupts, and system calls",labs/lab-00-refresher,Practice/Practice-R.md,done
R03-04,concept,0,R03,Kernel stacks,official/prereqs-concepts; diagnostic test,Part-0-Refresher/R03-Concurrency-and-the-Kernel.md,Kernel stacks,labs/lab-00-refresher,Practice/Practice-R.md,done
R03-05,concept,0,R03,Scheduling basics,official/prereqs-concepts; diagnostic test,Part-0-Refresher/R03-Concurrency-and-the-Kernel.md,Scheduling basics,labs/lab-00-refresher,Practice/Practice-R.md,done
R03-06,concept,0,R03,Basic mutual exclusion,official/prereqs-concepts; diagnostic test,Part-0-Refresher/R03-Concurrency-and-the-Kernel.md,Basic mutual exclusion,labs/lab-00-refresher,Practice/Practice-R.md,done
R03-07,concept,0,R03,Function call and return in the machine,official/prereqs-concepts; diagnostic test,Part-0-Refresher/R03-Concurrency-and-the-Kernel.md,Function call and return in the machine,labs/lab-00-refresher,Practice/Practice-R.md,done
R03-08,concept,0,R03,Process memory layout,official/prereqs-concepts; diagnostic test,Part-0-Refresher/R03-Concurrency-and-the-Kernel.md,Process memory layout,labs/lab-00-refresher,Practice/Practice-R.md,done
R03-09,concept,0,R03,"Pointers, function pointers, and casts",official/prereqs-concepts; diagnostic test,Part-0-Refresher/R03-Concurrency-and-the-Kernel.md,"Pointers, function pointers, and casts",labs/lab-00-refresher,Practice/Practice-R.md,done
R03-10,concept,0,R03,Compiling and linking,official/prereqs-concepts; diagnostic test,Part-0-Refresher/R03-Concurrency-and-the-Kernel.md,Compiling and linking,labs/lab-00-refresher,Practice/Practice-R.md,done
R03-11,concept,0,R03,Segfaults and how to debug them,official/prereqs-concepts; diagnostic test,Part-0-Refresher/R03-Concurrency-and-the-Kernel.md,Segfaults and how to debug them,labs/lab-00-refresher,Practice/Practice-R.md,done
R03-12,concept,0,R03,Pthreads producer-consumer,official/prereqs-concepts; diagnostic test,Part-0-Refresher/R03-Concurrency-and-the-Kernel.md,Pthreads producer-consumer,labs/lab-00-refresher,Practice/Practice-R.md,done
L01-01,concept,1,L01,Power of abstractions,syllabus Lesson 1; OS refresher videos,Part-1-OS-Structure-and-Virtualization/L01-Introduction-to-AOS.md,Power of abstractions,labs/lab-01-syscall-and-context-switch,Practice/Practice-L01.md,done
L01-02,concept,1,L01,Hardware resources and organization,syllabus Lesson 1; OS refresher videos,Part-1-OS-Structure-and-Virtualization/L01-Introduction-to-AOS.md,Hardware resources and organization,labs/lab-01-syscall-and-context-switch,Practice/Practice-L01.md,done
L01-03,concept,1,L01,Memory hierarchy,syllabus Lesson 1; OS refresher videos,Part-1-OS-Structure-and-Virtualization/L01-Introduction-to-AOS.md,Memory hierarchy,labs/lab-01-syscall-and-context-switch,Practice/Practice-L01.md,done
L01-04,concept,1,L01,OS functionality and services,syllabus Lesson 1; OS refresher videos,Part-1-OS-Structure-and-Virtualization/L01-Introduction-to-AOS.md,OS functionality and services,labs/lab-01-syscall-and-context-switch,Practice/Practice-L01.md,done
L01-05,concept,1,L01,Managing the CPU and memory,syllabus Lesson 1; OS refresher videos,Part-1-OS-Structure-and-Virtualization/L01-Introduction-to-AOS.md,Managing the CPU and memory,labs/lab-01-syscall-and-context-switch,Practice/Practice-L01.md,done
L01-06,concept,1,L01,Protection domains and policy versus mechanism,syllabus Lesson 1; OS refresher videos,Part-1-OS-Structure-and-Virtualization/L01-Introduction-to-AOS.md,Protection domains and policy versus mechanism,labs/lab-01-syscall-and-context-switch,Practice/Practice-L01.md,done
L02a-01,concept,1,L02a,"Goals of OS structure: protection, performance, flexibility, scalability, agility, responsiveness",slides L02a,Part-1-OS-Structure-and-Virtualization/L02a-OS-Structure-Overview.md,"Goals of OS structure: protection, performance, flexibility, scalability, agility, responsiveness",labs/lab-01-syscall-and-context-switch,Practice/Practice-L02.md,done
L02a-02,concept,1,L02a,Monolithic structure,slides L02a,Part-1-OS-Structure-and-Virtualization/L02a-OS-Structure-Overview.md,Monolithic structure,labs/lab-01-syscall-and-context-switch,Practice/Practice-L02.md,done
L02a-03,concept,1,L02a,DOS-like structure,slides L02a,Part-1-OS-Structure-and-Virtualization/L02a-OS-Structure-Overview.md,DOS-like structure,labs/lab-01-syscall-and-context-switch,Practice/Practice-L02.md,done
L02a-04,concept,1,L02a,Microkernel-based structure,slides L02a,Part-1-OS-Structure-and-Virtualization/L02a-OS-Structure-Overview.md,Microkernel-based structure,labs/lab-01-syscall-and-context-switch,Practice/Practice-L02.md,done
L02a-05,concept,1,L02a,Border crossings and their costs,slides L02a,Part-1-OS-Structure-and-Virtualization/L02a-OS-Structure-Overview.md,Border crossings and their costs,labs/lab-01-syscall-and-context-switch,Practice/Practice-L02.md,done
L02a-06,concept,1,L02a,Extensibility versus protection versus performance,slides L02a,Part-1-OS-Structure-and-Virtualization/L02a-OS-Structure-Overview.md,Extensibility versus protection versus performance,labs/lab-01-syscall-and-context-switch,Practice/Practice-L02.md,done
L02b-01,concept,1,L02b,Approaches to extensibility: Hydra capabilities,slides L02b; SPIN paper,Part-1-OS-Structure-and-Virtualization/L02b-SPIN-Approach.md,Approaches to extensibility: Hydra capabilities,labs/lab-02-extensibility,Practice/Practice-L02.md,done
L02b-02,concept,1,L02b,Approaches to extensibility: Mach microkernel,slides L02b; SPIN paper,Part-1-OS-Structure-and-Virtualization/L02b-SPIN-Approach.md,Approaches to extensibility: Mach microkernel,labs/lab-02-extensibility,Practice/Practice-L02.md,done
L02b-03,concept,1,L02b,SPIN design goals,slides L02b; SPIN paper,Part-1-OS-Structure-and-Virtualization/L02b-SPIN-Approach.md,SPIN design goals,labs/lab-02-extensibility,Practice/Practice-L02.md,done
L02b-04,concept,1,L02b,Modula-3 type safety and logical protection domains,slides L02b; SPIN paper,Part-1-OS-Structure-and-Virtualization/L02b-SPIN-Approach.md,Modula-3 type safety and logical protection domains,labs/lab-02-extensibility,Practice/Practice-L02.md,done
L02b-05,concept,1,L02b,Capabilities as language pointers,slides L02b; SPIN paper,Part-1-OS-Structure-and-Virtualization/L02b-SPIN-Approach.md,Capabilities as language pointers,labs/lab-02-extensibility,Practice/Practice-L02.md,done
L02b-06,concept,1,L02b,"Protection domain mechanisms: create, resolve, combine",slides L02b; SPIN paper,Part-1-OS-Structure-and-Virtualization/L02b-SPIN-Approach.md,"Protection domain mechanisms: create, resolve, combine",labs/lab-02-extensibility,Practice/Practice-L02.md,done
L02b-07,concept,1,L02b,Event-based customization: events and handlers,slides L02b; SPIN paper,Part-1-OS-Structure-and-Virtualization/L02b-SPIN-Approach.md,Event-based customization: events and handlers,labs/lab-02-extensibility,Practice/Practice-L02.md,done
L02b-08,concept,1,L02b,SPIN default core services: memory management,slides L02b; SPIN paper,Part-1-OS-Structure-and-Virtualization/L02b-SPIN-Approach.md,SPIN default core services: memory management,labs/lab-02-extensibility,Practice/Practice-L02.md,done
L02b-09,concept,1,L02b,SPIN default core services: CPU scheduling,slides L02b; SPIN paper,Part-1-OS-Structure-and-Virtualization/L02b-SPIN-Approach.md,SPIN default core services: CPU scheduling,labs/lab-02-extensibility,Practice/Practice-L02.md,done
L02b-10,concept,1,L02b,Modern descendants: eBPF and safe kernel extensions,slides L02b; SPIN paper,Part-1-OS-Structure-and-Virtualization/L02b-SPIN-Approach.md,Modern descendants: eBPF and safe kernel extensions,labs/lab-02-extensibility,Practice/Practice-L02.md,done
L02c-01,concept,1,L02c,Exokernel principle: separate protection from management,slides L02c; Exokernel paper,Part-1-OS-Structure-and-Virtualization/L02c-Exokernel-Approach.md,Exokernel principle: separate protection from management,labs/lab-02-extensibility,Practice/Practice-L02.md,done
L02c-02,concept,1,L02c,Library operating systems,slides L02c; Exokernel paper,Part-1-OS-Structure-and-Virtualization/L02c-Exokernel-Approach.md,Library operating systems,labs/lab-02-extensibility,Practice/Practice-L02.md,done
L02c-03,concept,1,L02c,Secure bindings,slides L02c; Exokernel paper,Part-1-OS-Structure-and-Virtualization/L02c-Exokernel-Approach.md,Secure bindings,labs/lab-02-extensibility,Practice/Practice-L02.md,done
L02c-04,concept,1,L02c,"Methods for secure bindings: hardware, software caching, downloading code",slides L02c; Exokernel paper,Part-1-OS-Structure-and-Virtualization/L02c-Exokernel-Approach.md,"Methods for secure bindings: hardware, software caching, downloading code",labs/lab-02-extensibility,Practice/Practice-L02.md,done
L02c-05,concept,1,L02c,Visible resource revocation,slides L02c; Exokernel paper,Part-1-OS-Structure-and-Virtualization/L02c-Exokernel-Approach.md,Visible resource revocation,labs/lab-02-extensibility,Practice/Practice-L02.md,done
L02c-06,concept,1,L02c,Abort protocol,slides L02c; Exokernel paper,Part-1-OS-Structure-and-Virtualization/L02c-Exokernel-Approach.md,Abort protocol,labs/lab-02-extensibility,Practice/Practice-L02.md,done
L02c-07,concept,1,L02c,Exokernel memory management and the software TLB,slides L02c; Exokernel paper,Part-1-OS-Structure-and-Virtualization/L02c-Exokernel-Approach.md,Exokernel memory management and the software TLB,labs/lab-02-extensibility,Practice/Practice-L02.md,done
L02c-08,concept,1,L02c,Exokernel CPU scheduling with a linear vector of time slots,slides L02c; Exokernel paper,Part-1-OS-Structure-and-Virtualization/L02c-Exokernel-Approach.md,Exokernel CPU scheduling with a linear vector of time slots,labs/lab-02-extensibility,Practice/Practice-L02.md,done
L02c-09,concept,1,L02c,Packet filters and downloaded code,slides L02c; Exokernel paper,Part-1-OS-Structure-and-Virtualization/L02c-Exokernel-Approach.md,Packet filters and downloaded code,labs/lab-02-extensibility,Practice/Practice-L02.md,done
L02c-10,concept,1,L02c,Exokernel performance claims versus SPIN,slides L02c; Exokernel paper,Part-1-OS-Structure-and-Virtualization/L02c-Exokernel-Approach.md,Exokernel performance claims versus SPIN,labs/lab-02-extensibility,Practice/Practice-L02.md,done
L02c-11,concept,1,L02c,Modern descendants: unikernels and library OSes,slides L02c; Exokernel paper,Part-1-OS-Structure-and-Virtualization/L02c-Exokernel-Approach.md,Modern descendants: unikernels and library OSes,labs/lab-02-extensibility,Practice/Practice-L02.md,done
L02d-01,concept,1,L02d,Microkernel-based OS structure and its perceived costs,slides L02d; Liedtke papers,Part-1-OS-Structure-and-Virtualization/L02d-L3-Microkernel-Approach.md,Microkernel-based OS structure and its perceived costs,labs/lab-01-syscall-and-context-switch,Practice/Practice-L02.md,done
L02d-02,concept,1,L02d,Explicit and implicit costs of border crossings,slides L02d; Liedtke papers,Part-1-OS-Structure-and-Virtualization/L02d-L3-Microkernel-Approach.md,Explicit and implicit costs of border crossings,labs/lab-01-syscall-and-context-switch,Practice/Practice-L02.md,done
L02d-03,concept,1,L02d,L3 thesis for OS structure,slides L02d; Liedtke papers,Part-1-OS-Structure-and-Virtualization/L02d-L3-Microkernel-Approach.md,L3 thesis for OS structure,labs/lab-01-syscall-and-context-switch,Practice/Practice-L02.md,done
L02d-04,concept,1,L02d,Minimal abstractions in the microkernel,slides L02d; Liedtke papers,Part-1-OS-Structure-and-Virtualization/L02d-L3-Microkernel-Approach.md,Minimal abstractions in the microkernel,labs/lab-01-syscall-and-context-switch,Practice/Practice-L02.md,done
L02d-05,concept,1,L02d,Address space switching cost and the TLB,slides L02d; Liedtke papers,Part-1-OS-Structure-and-Virtualization/L02d-L3-Microkernel-Approach.md,Address space switching cost and the TLB,labs/lab-01-syscall-and-context-switch,Practice/Practice-L02.md,done
L02d-06,concept,1,L02d,Small protection domains with segment registers,slides L02d; Liedtke papers,Part-1-OS-Structure-and-Virtualization/L02d-L3-Microkernel-Approach.md,Small protection domains with segment registers,labs/lab-01-syscall-and-context-switch,Practice/Practice-L02.md,done
L02d-07,concept,1,L02d,Large protection domains and cache and TLB pollution,slides L02d; Liedtke papers,Part-1-OS-Structure-and-Virtualization/L02d-L3-Microkernel-Approach.md,Large protection domains and cache and TLB pollution,labs/lab-01-syscall-and-context-switch,Practice/Practice-L02.md,done
L02d-08,concept,1,L02d,Thread switch and IPC cost,slides L02d; Liedtke papers,Part-1-OS-Structure-and-Virtualization/L02d-L3-Microkernel-Approach.md,Thread switch and IPC cost,labs/lab-01-syscall-and-context-switch,Practice/Practice-L02.md,done
L02d-09,concept,1,L02d,Memory effects: locality and footprint,slides L02d; Liedtke papers,Part-1-OS-Structure-and-Virtualization/L02d-L3-Microkernel-Approach.md,Memory effects: locality and footprint,labs/lab-01-syscall-and-context-switch,Practice/Practice-L02.md,done
L02d-10,concept,1,L02d,Microkernels are processor specific,slides L02d; Liedtke papers,Part-1-OS-Structure-and-Virtualization/L02d-L3-Microkernel-Approach.md,Microkernels are processor specific,labs/lab-01-syscall-and-context-switch,Practice/Practice-L02.md,done
L02d-11,concept,1,L02d,Mach versus L3 comparison,slides L02d; Liedtke papers,Part-1-OS-Structure-and-Virtualization/L02d-L3-Microkernel-Approach.md,Mach versus L3 comparison,labs/lab-01-syscall-and-context-switch,Practice/Practice-L02.md,done
L02d-12,concept,1,L02d,Modern descendants: L4 family and seL4,slides L02d; Liedtke papers,Part-1-OS-Structure-and-Virtualization/L02d-L3-Microkernel-Approach.md,Modern descendants: L4 family and seL4,labs/lab-01-syscall-and-context-switch,Practice/Practice-L02.md,done
L03a-01,concept,1,L03a,Platform virtualization and hypervisors,slides L03a,Part-1-OS-Structure-and-Virtualization/L03a-Introduction-to-Virtualization.md,Platform virtualization and hypervisors,labs/lab-03-virtualization,Practice/Practice-L03.md,done
L03a-02,concept,1,L03a,Native (bare-metal) versus hosted hypervisors,slides L03a,Part-1-OS-Structure-and-Virtualization/L03a-Introduction-to-Virtualization.md,Native (bare-metal) versus hosted hypervisors,labs/lab-03-virtualization,Practice/Practice-L03.md,done
L03a-03,concept,1,L03a,Full virtualization and trap-and-emulate,slides L03a,Part-1-OS-Structure-and-Virtualization/L03a-Introduction-to-Virtualization.md,Full virtualization and trap-and-emulate,labs/lab-03-virtualization,Practice/Practice-L03.md,done
L03a-04,concept,1,L03a,Binary translation,slides L03a,Part-1-OS-Structure-and-Virtualization/L03a-Introduction-to-Virtualization.md,Binary translation,labs/lab-03-virtualization,Practice/Practice-L03.md,done
L03a-05,concept,1,L03a,Para-virtualization,slides L03a,Part-1-OS-Structure-and-Virtualization/L03a-Introduction-to-Virtualization.md,Para-virtualization,labs/lab-03-virtualization,Practice/Practice-L03.md,done
L03a-06,concept,1,L03a,"What must be virtualized: memory, CPU, devices",slides L03a,Part-1-OS-Structure-and-Virtualization/L03a-Introduction-to-Virtualization.md,"What must be virtualized: memory, CPU, devices",labs/lab-03-virtualization,Practice/Practice-L03.md,done
L03a-07,concept,1,L03a,"Modern descendants: hardware-assisted virtualization (VT-x, AMD-V, ARM EL2)",slides L03a,Part-1-OS-Structure-and-Virtualization/L03a-Introduction-to-Virtualization.md,"Modern descendants: hardware-assisted virtualization (VT-x, AMD-V, ARM EL2)",labs/lab-03-virtualization,Practice/Practice-L03.md,done
L03b-01,concept,1,L03b,"Virtual, physical, and machine addresses",slides L03b; Xen and ESX papers,Part-1-OS-Structure-and-Virtualization/L03b-Memory-Virtualization.md,"Virtual, physical, and machine addresses",labs/lab-03-virtualization,Practice/Practice-L03.md,done
L03b-02,concept,1,L03b,Shadow page tables,slides L03b; Xen and ESX papers,Part-1-OS-Structure-and-Virtualization/L03b-Memory-Virtualization.md,Shadow page tables,labs/lab-03-virtualization,Practice/Practice-L03.md,done
L03b-03,concept,1,L03b,Efficient mapping in full virtualization,slides L03b; Xen and ESX papers,Part-1-OS-Structure-and-Virtualization/L03b-Memory-Virtualization.md,Efficient mapping in full virtualization,labs/lab-03-virtualization,Practice/Practice-L03.md,done
L03b-04,concept,1,L03b,Efficient mapping in para-virtualization,slides L03b; Xen and ESX papers,Part-1-OS-Structure-and-Virtualization/L03b-Memory-Virtualization.md,Efficient mapping in para-virtualization,labs/lab-03-virtualization,Practice/Practice-L03.md,done
L03b-05,concept,1,L03b,Hardware nested paging (EPT and NPT),slides L03b; Xen and ESX papers,Part-1-OS-Structure-and-Virtualization/L03b-Memory-Virtualization.md,Hardware nested paging (EPT and NPT),labs/lab-03-virtualization,Practice/Practice-L03.md,done
L03b-06,concept,1,L03b,Dynamically increasing and reclaiming memory,slides L03b; Xen and ESX papers,Part-1-OS-Structure-and-Virtualization/L03b-Memory-Virtualization.md,Dynamically increasing and reclaiming memory,labs/lab-03-virtualization,Practice/Practice-L03.md,done
L03b-07,concept,1,L03b,Ballooning,slides L03b; Xen and ESX papers,Part-1-OS-Structure-and-Virtualization/L03b-Memory-Virtualization.md,Ballooning,labs/lab-03-virtualization,Practice/Practice-L03.md,done
L03b-08,concept,1,L03b,Sharing memory across VMs: content-based page sharing,slides L03b; Xen and ESX papers,Part-1-OS-Structure-and-Virtualization/L03b-Memory-Virtualization.md,Sharing memory across VMs: content-based page sharing,labs/lab-03-virtualization,Practice/Practice-L03.md,done
L03b-09,concept,1,L03b,Memory allocation policies: pure share-based,slides L03b; Xen and ESX papers,Part-1-OS-Structure-and-Virtualization/L03b-Memory-Virtualization.md,Memory allocation policies: pure share-based,labs/lab-03-virtualization,Practice/Practice-L03.md,done
L03b-10,concept,1,L03b,Memory allocation policies: working-set based,slides L03b; Xen and ESX papers,Part-1-OS-Structure-and-Virtualization/L03b-Memory-Virtualization.md,Memory allocation policies: working-set based,labs/lab-03-virtualization,Practice/Practice-L03.md,done
L03b-11,concept,1,L03b,Dynamic idle-adjusted shares and the idle memory tax,slides L03b; Xen and ESX papers,Part-1-OS-Structure-and-Virtualization/L03b-Memory-Virtualization.md,Dynamic idle-adjusted shares and the idle memory tax,labs/lab-03-virtualization,Practice/Practice-L03.md,done
L03b-12,concept,1,L03b,Modern descendants: KSM and virtio-balloon,slides L03b; Xen and ESX papers,Part-1-OS-Structure-and-Virtualization/L03b-Memory-Virtualization.md,Modern descendants: KSM and virtio-balloon,labs/lab-03-virtualization,Practice/Practice-L03.md,done
L03c-01,concept,1,L03c,CPU virtualization goals: illusion of ownership and fair sharing,slides L03c; Xen paper,Part-1-OS-Structure-and-Virtualization/L03c-CPU-and-Device-Virtualization.md,CPU virtualization goals: illusion of ownership and fair sharing,labs/lab-03-virtualization,Practice/Practice-L03.md,done
L03c-02,concept,1,L03c,Proportional-share and fair-share CPU schedulers,slides L03c; Xen paper,Part-1-OS-Structure-and-Virtualization/L03c-CPU-and-Device-Virtualization.md,Proportional-share and fair-share CPU schedulers,labs/lab-03-virtualization,Practice/Practice-L03.md,done
L03c-03,concept,1,L03c,"Handling program discontinuities: exceptions, syscalls, page faults, interrupts",slides L03c; Xen paper,Part-1-OS-Structure-and-Virtualization/L03c-CPU-and-Device-Virtualization.md,"Handling program discontinuities: exceptions, syscalls, page faults, interrupts",labs/lab-03-virtualization,Practice/Practice-L03.md,done
L03c-04,concept,1,L03c,Device virtualization in full virtualization,slides L03c; Xen paper,Part-1-OS-Structure-and-Virtualization/L03c-CPU-and-Device-Virtualization.md,Device virtualization in full virtualization,labs/lab-03-virtualization,Practice/Practice-L03.md,done
L03c-05,concept,1,L03c,Device virtualization in para-virtualization,slides L03c; Xen paper,Part-1-OS-Structure-and-Virtualization/L03c-CPU-and-Device-Virtualization.md,Device virtualization in para-virtualization,labs/lab-03-virtualization,Practice/Practice-L03.md,done
L03c-06,concept,1,L03c,Control transfer: hypercalls and software interrupts (event channels),slides L03c; Xen paper,Part-1-OS-Structure-and-Virtualization/L03c-CPU-and-Device-Virtualization.md,Control transfer: hypercalls and software interrupts (event channels),labs/lab-03-virtualization,Practice/Practice-L03.md,done
L03c-07,concept,1,L03c,Data transfer in Xen: asynchronous I/O rings,slides L03c; Xen paper,Part-1-OS-Structure-and-Virtualization/L03c-CPU-and-Device-Virtualization.md,Data transfer in Xen: asynchronous I/O rings,labs/lab-03-virtualization,Practice/Practice-L03.md,done
L03c-08,concept,1,L03c,Network and disk virtualization in Xen,slides L03c; Xen paper,Part-1-OS-Structure-and-Virtualization/L03c-CPU-and-Device-Virtualization.md,Network and disk virtualization in Xen,labs/lab-03-virtualization,Practice/Practice-L03.md,done
L03c-09,concept,1,L03c,Modern descendants: virtio and SR-IOV,slides L03c; Xen paper,Part-1-OS-Structure-and-Virtualization/L03c-CPU-and-Device-Virtualization.md,Modern descendants: virtio and SR-IOV,labs/lab-03-virtualization,Practice/Practice-L03.md,done
L04a-01,concept,2,L04a,Dance hall architecture,slides L04a,Part-2-Parallel-Systems/L04a-Shared-Memory-Machines.md,Dance hall architecture,labs/lab-04-cache-coherence,Practice/Practice-L04.md,done
L04a-02,concept,2,L04a,Symmetric multiprocessor (SMP) architecture,slides L04a,Part-2-Parallel-Systems/L04a-Shared-Memory-Machines.md,Symmetric multiprocessor (SMP) architecture,labs/lab-04-cache-coherence,Practice/Practice-L04.md,done
L04a-03,concept,2,L04a,Distributed shared memory (DSM) architecture,slides L04a,Part-2-Parallel-Systems/L04a-Shared-Memory-Machines.md,Distributed shared memory (DSM) architecture,labs/lab-04-cache-coherence,Practice/Practice-L04.md,done
L04a-04,concept,2,L04a,Memory consistency model,slides L04a,Part-2-Parallel-Systems/L04a-Shared-Memory-Machines.md,Memory consistency model,labs/lab-04-cache-coherence,Practice/Practice-L04.md,done
L04a-05,concept,2,L04a,Sequential consistency,slides L04a,Part-2-Parallel-Systems/L04a-Shared-Memory-Machines.md,Sequential consistency,labs/lab-04-cache-coherence,Practice/Practice-L04.md,done
L04a-06,concept,2,L04a,Memory consistency versus cache coherence,slides L04a,Part-2-Parallel-Systems/L04a-Shared-Memory-Machines.md,Memory consistency versus cache coherence,labs/lab-04-cache-coherence,Practice/Practice-L04.md,done
L04a-07,concept,2,L04a,Non-cache-coherent multiprocessors,slides L04a,Part-2-Parallel-Systems/L04a-Shared-Memory-Machines.md,Non-cache-coherent multiprocessors,labs/lab-04-cache-coherence,Practice/Practice-L04.md,done
L04a-08,concept,2,L04a,Cache-coherent multiprocessors,slides L04a,Part-2-Parallel-Systems/L04a-Shared-Memory-Machines.md,Cache-coherent multiprocessors,labs/lab-04-cache-coherence,Practice/Practice-L04.md,done
L04a-09,concept,2,L04a,Write-invalidate versus write-update,slides L04a,Part-2-Parallel-Systems/L04a-Shared-Memory-Machines.md,Write-invalidate versus write-update,labs/lab-04-cache-coherence,Practice/Practice-L04.md,done
L04a-10,concept,2,L04a,Scalability of shared memory machines,slides L04a,Part-2-Parallel-Systems/L04a-Shared-Memory-Machines.md,Scalability of shared memory machines,labs/lab-04-cache-coherence,Practice/Practice-L04.md,done
L04a-11,concept,2,L04a,Modern descendants: weak memory models and C11 atomics,slides L04a,Part-2-Parallel-Systems/L04a-Shared-Memory-Machines.md,Modern descendants: weak memory models and C11 atomics,labs/lab-04-cache-coherence,Practice/Practice-L04.md,done
L04b-01,concept,2,L04b,Lock and barrier primitives,slides L04b; Mellor-Crummey and Scott,Part-2-Parallel-Systems/L04b-Synchronization.md,Lock and barrier primitives,labs/lab-05-spinlocks,Practice/Practice-L04.md,done
L04b-02,concept,2,L04b,Atomic read-modify-write instructions,slides L04b; Mellor-Crummey and Scott,Part-2-Parallel-Systems/L04b-Synchronization.md,Atomic read-modify-write instructions,labs/lab-05-spinlocks,Practice/Practice-L04.md,done
L04b-03,concept,2,L04b,"Scalability issues: latency, waiting time, contention",slides L04b; Mellor-Crummey and Scott,Part-2-Parallel-Systems/L04b-Synchronization.md,"Scalability issues: latency, waiting time, contention",labs/lab-05-spinlocks,Practice/Practice-L04.md,done
L04b-04,concept,2,L04b,Naive spinlock (spin on test-and-set),slides L04b; Mellor-Crummey and Scott,Part-2-Parallel-Systems/L04b-Synchronization.md,Naive spinlock (spin on test-and-set),labs/lab-05-spinlocks,Practice/Practice-L04.md,done
L04b-05,concept,2,L04b,Caching spinlock (spin on read),slides L04b; Mellor-Crummey and Scott,Part-2-Parallel-Systems/L04b-Synchronization.md,Caching spinlock (spin on read),labs/lab-05-spinlocks,Practice/Practice-L04.md,done
L04b-06,concept,2,L04b,Spinlock with delay and exponential backoff,slides L04b; Mellor-Crummey and Scott,Part-2-Parallel-Systems/L04b-Synchronization.md,Spinlock with delay and exponential backoff,labs/lab-05-spinlocks,Practice/Practice-L04.md,done
L04b-07,concept,2,L04b,Ticket lock,slides L04b; Mellor-Crummey and Scott,Part-2-Parallel-Systems/L04b-Synchronization.md,Ticket lock,labs/lab-05-spinlocks,Practice/Practice-L04.md,done
L04b-08,concept,2,L04b,Array-based queuing lock (Anderson),slides L04b; Mellor-Crummey and Scott,Part-2-Parallel-Systems/L04b-Synchronization.md,Array-based queuing lock (Anderson),labs/lab-05-spinlocks,Practice/Practice-L04.md,done
L04b-09,concept,2,L04b,Linked-list queuing lock (MCS),slides L04b; Mellor-Crummey and Scott,Part-2-Parallel-Systems/L04b-Synchronization.md,Linked-list queuing lock (MCS),labs/lab-05-spinlocks,Practice/Practice-L04.md,done
L04b-10,concept,2,L04b,MCS lock with only fetch-and-store,slides L04b; Mellor-Crummey and Scott,Part-2-Parallel-Systems/L04b-Synchronization.md,MCS lock with only fetch-and-store,labs/lab-05-spinlocks,Practice/Practice-L04.md,done
L04b-11,concept,2,L04b,Comparison of lock algorithms,slides L04b; Mellor-Crummey and Scott,Part-2-Parallel-Systems/L04b-Synchronization.md,Comparison of lock algorithms,labs/lab-05-spinlocks,Practice/Practice-L04.md,done
L04b-12,concept,2,L04b,Modern descendants: Linux qspinlock,slides L04b; Mellor-Crummey and Scott,Part-2-Parallel-Systems/L04b-Synchronization.md,Modern descendants: Linux qspinlock,labs/lab-05-spinlocks,Practice/Practice-L04.md,done
L04c-01,concept,2,L04c,Centralized counting barrier,slides L04c; Mellor-Crummey and Scott,Part-2-Parallel-Systems/L04c-Barrier-Synchronization.md,Centralized counting barrier,labs/lab-06-barriers,Practice/Practice-L04.md,done
L04c-02,concept,2,L04c,Sense-reversing barrier,slides L04c; Mellor-Crummey and Scott,Part-2-Parallel-Systems/L04c-Barrier-Synchronization.md,Sense-reversing barrier,labs/lab-06-barriers,Practice/Practice-L04.md,done
L04c-03,concept,2,L04c,Combining tree barrier,slides L04c; Mellor-Crummey and Scott,Part-2-Parallel-Systems/L04c-Barrier-Synchronization.md,Combining tree barrier,labs/lab-06-barriers,Practice/Practice-L04.md,done
L04c-04,concept,2,L04c,"MCS tree barrier (4-ary arrival, binary wakeup)",slides L04c; Mellor-Crummey and Scott,Part-2-Parallel-Systems/L04c-Barrier-Synchronization.md,"MCS tree barrier (4-ary arrival, binary wakeup)",labs/lab-06-barriers,Practice/Practice-L04.md,done
L04c-05,concept,2,L04c,Tournament barrier,slides L04c; Mellor-Crummey and Scott,Part-2-Parallel-Systems/L04c-Barrier-Synchronization.md,Tournament barrier,labs/lab-06-barriers,Practice/Practice-L04.md,done
L04c-06,concept,2,L04c,Dissemination barrier,slides L04c; Mellor-Crummey and Scott,Part-2-Parallel-Systems/L04c-Barrier-Synchronization.md,Dissemination barrier,labs/lab-06-barriers,Practice/Practice-L04.md,done
L04c-07,concept,2,L04c,"Barrier algorithm comparison: space, messages, critical path, shared memory versus message passing",slides L04c; Mellor-Crummey and Scott,Part-2-Parallel-Systems/L04c-Barrier-Synchronization.md,"Barrier algorithm comparison: space, messages, critical path, shared memory versus message passing",labs/lab-06-barriers,Practice/Practice-L04.md,done
L04d-01,concept,2,L04d,RPC on the same machine and why it is common,slides L04d; LRPC paper,Part-2-Parallel-Systems/L04d-Lightweight-RPC.md,RPC on the same machine and why it is common,labs/lab-07-rpc-costs,Practice/Practice-L04.md,done
L04d-02,concept,2,L04d,Costs of RPC: copies and control transfer,slides L04d; LRPC paper,Part-2-Parallel-Systems/L04d-Lightweight-RPC.md,Costs of RPC: copies and control transfer,labs/lab-07-rpc-costs,Practice/Practice-L04.md,done
L04d-03,concept,2,L04d,Making RPC cheaper: binding and the A-stack,slides L04d; LRPC paper,Part-2-Parallel-Systems/L04d-Lightweight-RPC.md,Making RPC cheaper: binding and the A-stack,labs/lab-07-rpc-costs,Practice/Practice-L04.md,done
L04d-04,concept,2,L04d,Shared argument stack and copy reduction,slides L04d; LRPC paper,Part-2-Parallel-Systems/L04d-Lightweight-RPC.md,Shared argument stack and copy reduction,labs/lab-07-rpc-costs,Practice/Practice-L04.md,done
L04d-05,concept,2,L04d,Domain switching and handoff scheduling,slides L04d; LRPC paper,Part-2-Parallel-Systems/L04d-Lightweight-RPC.md,Domain switching and handoff scheduling,labs/lab-07-rpc-costs,Practice/Practice-L04.md,done
L04d-06,concept,2,L04d,RPC on SMP: caching domains on idle processors,slides L04d; LRPC paper,Part-2-Parallel-Systems/L04d-Lightweight-RPC.md,RPC on SMP: caching domains on idle processors,labs/lab-07-rpc-costs,Practice/Practice-L04.md,done
L04e-01,concept,2,L04e,Scheduling goals and cache affinity,slides L04e; cache affinity and Fedorova papers,Part-2-Parallel-Systems/L04e-Scheduling.md,Scheduling goals and cache affinity,labs/lab-08-scheduling,Practice/Practice-L04.md,done
L04e-02,concept,2,L04e,First come first served,slides L04e; cache affinity and Fedorova papers,Part-2-Parallel-Systems/L04e-Scheduling.md,First come first served,labs/lab-08-scheduling,Practice/Practice-L04.md,done
L04e-03,concept,2,L04e,Fixed processor scheduling,slides L04e; cache affinity and Fedorova papers,Part-2-Parallel-Systems/L04e-Scheduling.md,Fixed processor scheduling,labs/lab-08-scheduling,Practice/Practice-L04.md,done
L04e-04,concept,2,L04e,Last processor scheduling,slides L04e; cache affinity and Fedorova papers,Part-2-Parallel-Systems/L04e-Scheduling.md,Last processor scheduling,labs/lab-08-scheduling,Practice/Practice-L04.md,done
L04e-05,concept,2,L04e,Minimum intervening policy,slides L04e; cache affinity and Fedorova papers,Part-2-Parallel-Systems/L04e-Scheduling.md,Minimum intervening policy,labs/lab-08-scheduling,Practice/Practice-L04.md,done
L04e-06,concept,2,L04e,Minimum intervening with limited queue,slides L04e; cache affinity and Fedorova papers,Part-2-Parallel-Systems/L04e-Scheduling.md,Minimum intervening with limited queue,labs/lab-08-scheduling,Practice/Practice-L04.md,done
L04e-07,concept,2,L04e,Implementation issues: global versus per-processor queues,slides L04e; cache affinity and Fedorova papers,Part-2-Parallel-Systems/L04e-Scheduling.md,Implementation issues: global versus per-processor queues,labs/lab-08-scheduling,Practice/Practice-L04.md,done
L04e-08,concept,2,L04e,"Performance metrics: throughput, response time, variance",slides L04e; cache affinity and Fedorova papers,Part-2-Parallel-Systems/L04e-Scheduling.md,"Performance metrics: throughput, response time, variance",labs/lab-08-scheduling,Practice/Practice-L04.md,done
L04e-09,concept,2,L04e,Load balancing and work stealing,slides L04e; cache affinity and Fedorova papers,Part-2-Parallel-Systems/L04e-Scheduling.md,Load balancing and work stealing,labs/lab-08-scheduling,Practice/Practice-L04.md,done
L04e-10,concept,2,L04e,Cache-aware scheduling on multicore and multithreaded processors,slides L04e; cache affinity and Fedorova papers,Part-2-Parallel-Systems/L04e-Scheduling.md,Cache-aware scheduling on multicore and multithreaded processors,labs/lab-08-scheduling,Practice/Practice-L04.md,done
L04e-11,concept,2,L04e,"Modern descendants: Linux CFS and EEVDF, sched domains",slides L04e; cache affinity and Fedorova papers,Part-2-Parallel-Systems/L04e-Scheduling.md,"Modern descendants: Linux CFS and EEVDF, sched domains",labs/lab-08-scheduling,Practice/Practice-L04.md,done
L04f-01,concept,2,L04f,Challenges of parallel systems,"slides L04f; Tornado, Corey, Cellular Disco papers",Part-2-Parallel-Systems/L04f-Shared-Memory-Multiprocessor-OS.md,Challenges of parallel systems,labs/lab-09-scalable-structures,Practice/Practice-L04.md,done
L04f-02,concept,2,L04f,NUMA architecture,"slides L04f; Tornado, Corey, Cellular Disco papers",Part-2-Parallel-Systems/L04f-Shared-Memory-Multiprocessor-OS.md,NUMA architecture,labs/lab-09-scalable-structures,Practice/Practice-L04.md,done
L04f-03,concept,2,L04f,False sharing,"slides L04f; Tornado, Corey, Cellular Disco papers",Part-2-Parallel-Systems/L04f-Shared-Memory-Multiprocessor-OS.md,False sharing,labs/lab-09-scalable-structures,Practice/Practice-L04.md,done
L04f-04,concept,2,L04f,OS design principles for scalability,"slides L04f; Tornado, Corey, Cellular Disco papers",Part-2-Parallel-Systems/L04f-Shared-Memory-Multiprocessor-OS.md,OS design principles for scalability,labs/lab-09-scalable-structures,Practice/Practice-L04.md,done
L04f-05,concept,2,L04f,Page fault service in a parallel OS,"slides L04f; Tornado, Corey, Cellular Disco papers",Part-2-Parallel-Systems/L04f-Shared-Memory-Multiprocessor-OS.md,Page fault service in a parallel OS,labs/lab-09-scalable-structures,Practice/Practice-L04.md,done
L04f-06,concept,2,L04f,Tornado clustered objects,"slides L04f; Tornado, Corey, Cellular Disco papers",Part-2-Parallel-Systems/L04f-Shared-Memory-Multiprocessor-OS.md,Tornado clustered objects,labs/lab-09-scalable-structures,Practice/Practice-L04.md,done
L04f-07,concept,2,L04f,"Degree of clustering: replicated, partitioned, true shared","slides L04f; Tornado, Corey, Cellular Disco papers",Part-2-Parallel-Systems/L04f-Shared-Memory-Multiprocessor-OS.md,"Degree of clustering: replicated, partitioned, true shared",labs/lab-09-scalable-structures,Practice/Practice-L04.md,done
L04f-08,concept,2,L04f,"Object references, translation tables, and miss handling","slides L04f; Tornado, Corey, Cellular Disco papers",Part-2-Parallel-Systems/L04f-Shared-Memory-Multiprocessor-OS.md,"Object references, translation tables, and miss handling",labs/lab-09-scalable-structures,Practice/Practice-L04.md,done
L04f-09,concept,2,L04f,Objectization of memory management,"slides L04f; Tornado, Corey, Cellular Disco papers",Part-2-Parallel-Systems/L04f-Shared-Memory-Multiprocessor-OS.md,Objectization of memory management,labs/lab-09-scalable-structures,Practice/Practice-L04.md,done
L04f-10,concept,2,L04f,Protected procedure call,"slides L04f; Tornado, Corey, Cellular Disco papers",Part-2-Parallel-Systems/L04f-Shared-Memory-Multiprocessor-OS.md,Protected procedure call,labs/lab-09-scalable-structures,Practice/Practice-L04.md,done
L04f-11,concept,2,L04f,Hierarchical locking and existence guarantees,"slides L04f; Tornado, Corey, Cellular Disco papers",Part-2-Parallel-Systems/L04f-Shared-Memory-Multiprocessor-OS.md,Hierarchical locking and existence guarantees,labs/lab-09-scalable-structures,Practice/Practice-L04.md,done
L04f-12,concept,2,L04f,Dynamic memory allocation in a parallel OS,"slides L04f; Tornado, Corey, Cellular Disco papers",Part-2-Parallel-Systems/L04f-Shared-Memory-Multiprocessor-OS.md,Dynamic memory allocation in a parallel OS,labs/lab-09-scalable-structures,Practice/Practice-L04.md,done
L04f-13,concept,2,L04f,"Corey: address ranges, shares, dedicated cores","slides L04f; Tornado, Corey, Cellular Disco papers",Part-2-Parallel-Systems/L04f-Shared-Memory-Multiprocessor-OS.md,"Corey: address ranges, shares, dedicated cores",labs/lab-09-scalable-structures,Practice/Practice-L04.md,done
L04f-14,concept,2,L04f,Cellular Disco: virtualization for scalability and fault containment,"slides L04f; Tornado, Corey, Cellular Disco papers",Part-2-Parallel-Systems/L04f-Shared-Memory-Multiprocessor-OS.md,Cellular Disco: virtualization for scalability and fault containment,labs/lab-09-scalable-structures,Practice/Practice-L04.md,done
L04f-15,concept,2,L04f,Modern descendants: per-CPU data and RCU in Linux,"slides L04f; Tornado, Corey, Cellular Disco papers",Part-2-Parallel-Systems/L04f-Shared-Memory-Multiprocessor-OS.md,Modern descendants: per-CPU data and RCU in Linux,labs/lab-09-scalable-structures,Practice/Practice-L04.md,done
L05a-01,concept,3,L05a,Definition of a distributed system,slides L05a; Lamport paper,Part-3-Distributed-Systems/L05a-Distributed-Systems-Definitions.md,Definition of a distributed system,labs/lab-10-clocks-and-mutex,Practice/Practice-L05.md,done
L05a-02,concept,3,L05a,"Events: computation, send, receive",slides L05a; Lamport paper,Part-3-Distributed-Systems/L05a-Distributed-Systems-Definitions.md,"Events: computation, send, receive",labs/lab-10-clocks-and-mutex,Practice/Practice-L05.md,done
L05a-03,concept,3,L05a,Happened-before relation,slides L05a; Lamport paper,Part-3-Distributed-Systems/L05a-Distributed-Systems-Definitions.md,Happened-before relation,labs/lab-10-clocks-and-mutex,Practice/Practice-L05.md,done
L05a-04,concept,3,L05a,Transitivity of happened-before,slides L05a; Lamport paper,Part-3-Distributed-Systems/L05a-Distributed-Systems-Definitions.md,Transitivity of happened-before,labs/lab-10-clocks-and-mutex,Practice/Practice-L05.md,done
L05a-05,concept,3,L05a,Concurrent events,slides L05a; Lamport paper,Part-3-Distributed-Systems/L05a-Distributed-Systems-Definitions.md,Concurrent events,labs/lab-10-clocks-and-mutex,Practice/Practice-L05.md,done
L05b-01,concept,3,L05b,Lamport logical clocks,slides L05b; Lamport paper,Part-3-Distributed-Systems/L05b-Lamport-Clocks.md,Lamport logical clocks,labs/lab-10-clocks-and-mutex,Practice/Practice-L05.md,done
L05b-02,concept,3,L05b,Logical clock conditions,slides L05b; Lamport paper,Part-3-Distributed-Systems/L05b-Lamport-Clocks.md,Logical clock conditions,labs/lab-10-clocks-and-mutex,Practice/Practice-L05.md,done
L05b-03,concept,3,L05b,Partial order and its limits,slides L05b; Lamport paper,Part-3-Distributed-Systems/L05b-Lamport-Clocks.md,Partial order and its limits,labs/lab-10-clocks-and-mutex,Practice/Practice-L05.md,done
L05b-04,concept,3,L05b,Lamport total order and tie breaking,slides L05b; Lamport paper,Part-3-Distributed-Systems/L05b-Lamport-Clocks.md,Lamport total order and tie breaking,labs/lab-10-clocks-and-mutex,Practice/Practice-L05.md,done
L05b-05,concept,3,L05b,Distributed mutual exclusion lock algorithm,slides L05b; Lamport paper,Part-3-Distributed-Systems/L05b-Lamport-Clocks.md,Distributed mutual exclusion lock algorithm,labs/lab-10-clocks-and-mutex,Practice/Practice-L05.md,done
L05b-06,concept,3,L05b,Message complexity of Lamport mutual exclusion,slides L05b; Lamport paper,Part-3-Distributed-Systems/L05b-Lamport-Clocks.md,Message complexity of Lamport mutual exclusion,labs/lab-10-clocks-and-mutex,Practice/Practice-L05.md,done
L05b-07,concept,3,L05b,Lamport physical clock conditions,slides L05b; Lamport paper,Part-3-Distributed-Systems/L05b-Lamport-Clocks.md,Lamport physical clock conditions,labs/lab-10-clocks-and-mutex,Practice/Practice-L05.md,done
L05b-08,concept,3,L05b,IPC time and clock drift,slides L05b; Lamport paper,Part-3-Distributed-Systems/L05b-Lamport-Clocks.md,IPC time and clock drift,labs/lab-10-clocks-and-mutex,Practice/Practice-L05.md,done
L05b-09,concept,3,L05b,Modern descendants: vector clocks and hybrid logical clocks,slides L05b; Lamport paper,Part-3-Distributed-Systems/L05b-Lamport-Clocks.md,Modern descendants: vector clocks and hybrid logical clocks,labs/lab-10-clocks-and-mutex,Practice/Practice-L05.md,done
L05c-01,concept,3,L05c,Latency versus throughput,slides L05c; Thekkath and Levy; Firefly RPC,Part-3-Distributed-Systems/L05c-Latency-Limits.md,Latency versus throughput,labs/lab-07-rpc-costs,Practice/Practice-L05.md,done
L05c-02,concept,3,L05c,Components of RPC latency,slides L05c; Thekkath and Levy; Firefly RPC,Part-3-Distributed-Systems/L05c-Latency-Limits.md,Components of RPC latency,labs/lab-07-rpc-costs,Practice/Practice-L05.md,done
L05c-03,concept,3,L05c,Marshaling and data copying,slides L05c; Thekkath and Levy; Firefly RPC,Part-3-Distributed-Systems/L05c-Latency-Limits.md,Marshaling and data copying,labs/lab-07-rpc-costs,Practice/Practice-L05.md,done
L05c-04,concept,3,L05c,Reducing copies: driver buffers and shared descriptors,slides L05c; Thekkath and Levy; Firefly RPC,Part-3-Distributed-Systems/L05c-Latency-Limits.md,Reducing copies: driver buffers and shared descriptors,labs/lab-07-rpc-costs,Practice/Practice-L05.md,done
L05c-05,concept,3,L05c,Control transfer and context switches,slides L05c; Thekkath and Levy; Firefly RPC,Part-3-Distributed-Systems/L05c-Latency-Limits.md,Control transfer and context switches,labs/lab-07-rpc-costs,Practice/Practice-L05.md,done
L05c-06,concept,3,L05c,Protocol processing and taking advantage of a reliable LAN,slides L05c; Thekkath and Levy; Firefly RPC,Part-3-Distributed-Systems/L05c-Latency-Limits.md,Protocol processing and taking advantage of a reliable LAN,labs/lab-07-rpc-costs,Practice/Practice-L05.md,done
L05c-07,concept,3,L05c,Firefly RPC performance lessons,slides L05c; Thekkath and Levy; Firefly RPC,Part-3-Distributed-Systems/L05c-Latency-Limits.md,Firefly RPC performance lessons,labs/lab-07-rpc-costs,Practice/Practice-L05.md,done
L05d-01,concept,3,L05d,Routing on the internet and the case for active networks,slides L05d; Wetherall paper; x-kernel,Part-3-Distributed-Systems/L05d-Active-Networks.md,Routing on the internet and the case for active networks,labs/lab-11-network-latency,Practice/Practice-L05.md,done
L05d-02,concept,3,L05d,Implementation challenges of active networks,slides L05d; Wetherall paper; x-kernel,Part-3-Distributed-Systems/L05d-Active-Networks.md,Implementation challenges of active networks,labs/lab-11-network-latency,Practice/Practice-L05.md,done
L05d-03,concept,3,L05d,ANTS toolkit,slides L05d; Wetherall paper; x-kernel,Part-3-Distributed-Systems/L05d-Active-Networks.md,ANTS toolkit,labs/lab-11-network-latency,Practice/Practice-L05.md,done
L05d-04,concept,3,L05d,ANTS capsules and header,slides L05d; Wetherall paper; x-kernel,Part-3-Distributed-Systems/L05d-Active-Networks.md,ANTS capsules and header,labs/lab-11-network-latency,Practice/Practice-L05.md,done
L05d-05,concept,3,L05d,ANTS APIs,slides L05d; Wetherall paper; x-kernel,Part-3-Distributed-Systems/L05d-Active-Networks.md,ANTS APIs,labs/lab-11-network-latency,Practice/Practice-L05.md,done
L05d-06,concept,3,L05d,Capsule implementation and code caching,slides L05d; Wetherall paper; x-kernel,Part-3-Distributed-Systems/L05d-Active-Networks.md,Capsule implementation and code caching,labs/lab-11-network-latency,Practice/Practice-L05.md,done
L05d-07,concept,3,L05d,Potential applications,slides L05d; Wetherall paper; x-kernel,Part-3-Distributed-Systems/L05d-Active-Networks.md,Potential applications,labs/lab-11-network-latency,Practice/Practice-L05.md,done
L05d-08,concept,3,L05d,Pros and cons of active networks,slides L05d; Wetherall paper; x-kernel,Part-3-Distributed-Systems/L05d-Active-Networks.md,Pros and cons of active networks,labs/lab-11-network-latency,Practice/Practice-L05.md,done
L05d-09,concept,3,L05d,x-kernel protocol architecture,slides L05d; Wetherall paper; x-kernel,Part-3-Distributed-Systems/L05d-Active-Networks.md,x-kernel protocol architecture,labs/lab-11-network-latency,Practice/Practice-L05.md,done
L05d-10,concept,3,L05d,"Modern descendants: SDN, P4, and eBPF XDP",slides L05d; Wetherall paper; x-kernel,Part-3-Distributed-Systems/L05d-Active-Networks.md,"Modern descendants: SDN, P4, and eBPF XDP",labs/lab-11-network-latency,Practice/Practice-L05.md,done
L05e-01,concept,3,L05e,Building systems from components: the design cycle,slides L05e; Ensemble paper,Part-3-Distributed-Systems/L05e-Systems-from-Components.md,Building systems from components: the design cycle,labs/lab-12-components,Practice/Practice-L05.md,done
L05e-02,concept,3,L05e,Specification with IOA,slides L05e; Ensemble paper,Part-3-Distributed-Systems/L05e-Systems-from-Components.md,Specification with IOA,labs/lab-12-components,Practice/Practice-L05.md,done
L05e-03,concept,3,L05e,Abstract and concrete behavioral specifications,slides L05e; Ensemble paper,Part-3-Distributed-Systems/L05e-Systems-from-Components.md,Abstract and concrete behavioral specifications,labs/lab-12-components,Practice/Practice-L05.md,done
L05e-04,concept,3,L05e,Implementation with OCaml,slides L05e; Ensemble paper,Part-3-Distributed-Systems/L05e-Systems-from-Components.md,Implementation with OCaml,labs/lab-12-components,Practice/Practice-L05.md,done
L05e-05,concept,3,L05e,Optimization with NuPrl,slides L05e; Ensemble paper,Part-3-Distributed-Systems/L05e-Systems-from-Components.md,Optimization with NuPrl,labs/lab-12-components,Practice/Practice-L05.md,done
L05e-06,concept,3,L05e,Synthesizing a TCP-IP stack from micro-protocols,slides L05e; Ensemble paper,Part-3-Distributed-Systems/L05e-Systems-from-Components.md,Synthesizing a TCP-IP stack from micro-protocols,labs/lab-12-components,Practice/Practice-L05.md,done
L05e-07,concept,3,L05e,"Sources of optimization: common path, header compression, delayed processing",slides L05e; Ensemble paper,Part-3-Distributed-Systems/L05e-Systems-from-Components.md,"Sources of optimization: common path, header compression, delayed processing",labs/lab-12-components,Practice/Practice-L05.md,done
L06a-01,concept,3,L06a,Procedural versus object-based OS design,slides L06a; Spring and Subcontract papers,Part-3-Distributed-Systems/L06a-Spring-Operating-System.md,Procedural versus object-based OS design,labs/lab-13-distributed-objects,Practice/Practice-L06.md,done
L06a-02,concept,3,L06a,Spring approach: strong interfaces and a microkernel,slides L06a; Spring and Subcontract papers,Part-3-Distributed-Systems/L06a-Spring-Operating-System.md,Spring approach: strong interfaces and a microkernel,labs/lab-13-distributed-objects,Practice/Practice-L06.md,done
L06a-03,concept,3,L06a,"Nucleus: domains, doors, and door tables",slides L06a; Spring and Subcontract papers,Part-3-Distributed-Systems/L06a-Spring-Operating-System.md,"Nucleus: domains, doors, and door tables",labs/lab-13-distributed-objects,Practice/Practice-L06.md,done
L06a-04,concept,3,L06a,Object invocation across the network: network proxies,slides L06a; Spring and Subcontract papers,Part-3-Distributed-Systems/L06a-Spring-Operating-System.md,Object invocation across the network: network proxies,labs/lab-13-distributed-objects,Practice/Practice-L06.md,done
L06a-05,concept,3,L06a,Secure object invocation with front objects,slides L06a; Spring and Subcontract papers,Part-3-Distributed-Systems/L06a-Spring-Operating-System.md,Secure object invocation with front objects,labs/lab-13-distributed-objects,Practice/Practice-L06.md,done
L06a-06,concept,3,L06a,Virtual memory management: address space and memory objects,slides L06a; Spring and Subcontract papers,Part-3-Distributed-Systems/L06a-Spring-Operating-System.md,Virtual memory management: address space and memory objects,labs/lab-13-distributed-objects,Practice/Practice-L06.md,done
L06a-07,concept,3,L06a,Pager objects and cached memory objects,slides L06a; Spring and Subcontract papers,Part-3-Distributed-Systems/L06a-Spring-Operating-System.md,Pager objects and cached memory objects,labs/lab-13-distributed-objects,Practice/Practice-L06.md,done
L06a-08,concept,3,L06a,Dynamic client-server relationships,slides L06a; Spring and Subcontract papers,Part-3-Distributed-Systems/L06a-Spring-Operating-System.md,Dynamic client-server relationships,labs/lab-13-distributed-objects,Practice/Practice-L06.md,done
L06a-09,concept,3,L06a,Subcontract mechanism,slides L06a; Spring and Subcontract papers,Part-3-Distributed-Systems/L06a-Spring-Operating-System.md,Subcontract mechanism,labs/lab-13-distributed-objects,Practice/Practice-L06.md,done
L06a-10,concept,3,L06a,Subcontract marshal and invoke interfaces,slides L06a; Spring and Subcontract papers,Part-3-Distributed-Systems/L06a-Spring-Operating-System.md,Subcontract marshal and invoke interfaces,labs/lab-13-distributed-objects,Practice/Practice-L06.md,done
L06b-01,concept,3,L06b,Java distributed object model,slides L06b; Java distributed object model paper,Part-3-Distributed-Systems/L06b-Java-RMI.md,Java distributed object model,labs/lab-13-distributed-objects,Practice/Practice-L06.md,done
L06b-02,concept,3,L06b,Remote objects and remote interfaces,slides L06b; Java distributed object model paper,Part-3-Distributed-Systems/L06b-Java-RMI.md,Remote objects and remote interfaces,labs/lab-13-distributed-objects,Practice/Practice-L06.md,done
L06b-03,concept,3,L06b,Reuse of local implementation versus reuse of remote object class,slides L06b; Java distributed object model paper,Part-3-Distributed-Systems/L06b-Java-RMI.md,Reuse of local implementation versus reuse of remote object class,labs/lab-13-distributed-objects,Practice/Practice-L06.md,done
L06b-04,concept,3,L06b,Server side and client side of RMI,slides L06b; Java distributed object model paper,Part-3-Distributed-Systems/L06b-Java-RMI.md,Server side and client side of RMI,labs/lab-13-distributed-objects,Practice/Practice-L06.md,done
L06b-05,concept,3,L06b,Parameter passing semantics for remote objects,slides L06b; Java distributed object model paper,Part-3-Distributed-Systems/L06b-Java-RMI.md,Parameter passing semantics for remote objects,labs/lab-13-distributed-objects,Practice/Practice-L06.md,done
L06b-06,concept,3,L06b,RMI implementation: remote reference layer,slides L06b; Java distributed object model paper,Part-3-Distributed-Systems/L06b-Java-RMI.md,RMI implementation: remote reference layer,labs/lab-13-distributed-objects,Practice/Practice-L06.md,done
L06b-07,concept,3,L06b,"RMI transport layer: endpoint, transport, channel, connection",slides L06b; Java distributed object model paper,Part-3-Distributed-Systems/L06b-Java-RMI.md,"RMI transport layer: endpoint, transport, channel, connection",labs/lab-13-distributed-objects,Practice/Practice-L06.md,done
L06b-08,concept,3,L06b,Distributed garbage collection,slides L06b; Java distributed object model paper,Part-3-Distributed-Systems/L06b-Java-RMI.md,Distributed garbage collection,labs/lab-13-distributed-objects,Practice/Practice-L06.md,done
L06c-01,concept,3,L06c,N-tier applications and their concerns,slides L06c; EJB performance paper,Part-3-Distributed-Systems/L06c-Enterprise-Java-Beans.md,N-tier applications and their concerns,labs/lab-13-distributed-objects,Practice/Practice-L06.md,done
L06c-02,concept,3,L06c,Containers and the EJB structure,slides L06c; EJB performance paper,Part-3-Distributed-Systems/L06c-Enterprise-Java-Beans.md,Containers and the EJB structure,labs/lab-13-distributed-objects,Practice/Practice-L06.md,done
L06c-03,concept,3,L06c,"Types of beans: entity, session, message-driven",slides L06c; EJB performance paper,Part-3-Distributed-Systems/L06c-Enterprise-Java-Beans.md,"Types of beans: entity, session, message-driven",labs/lab-13-distributed-objects,Practice/Practice-L06.md,done
L06c-04,concept,3,L06c,Design alternative: coarse-grained session bean,slides L06c; EJB performance paper,Part-3-Distributed-Systems/L06c-Enterprise-Java-Beans.md,Design alternative: coarse-grained session bean,labs/lab-13-distributed-objects,Practice/Practice-L06.md,done
L06c-05,concept,3,L06c,Design alternative: data access object,slides L06c; EJB performance paper,Part-3-Distributed-Systems/L06c-Enterprise-Java-Beans.md,Design alternative: data access object,labs/lab-13-distributed-objects,Practice/Practice-L06.md,done
L06c-06,concept,3,L06c,Design alternative: session beans with entity beans,slides L06c; EJB performance paper,Part-3-Distributed-Systems/L06c-Enterprise-Java-Beans.md,Design alternative: session beans with entity beans,labs/lab-13-distributed-objects,Practice/Practice-L06.md,done
L06c-07,concept,3,L06c,"Trade-offs in concurrency, security, and persistence across designs",slides L06c; EJB performance paper,Part-3-Distributed-Systems/L06c-Enterprise-Java-Beans.md,"Trade-offs in concurrency, security, and persistence across designs",labs/lab-13-distributed-objects,Practice/Practice-L06.md,done
L07a-01,concept,4,L07a,Context for distributed subsystems,slides L07a; GMS paper,Part-4-Distributed-Subsystems-and-Recovery/L07a-Global-Memory-Systems.md,Context for distributed subsystems,labs/lab-14-global-memory,Practice/Practice-L07.md,done
L07a-02,concept,4,L07a,Cluster memory as a paging device,slides L07a; GMS paper,Part-4-Distributed-Subsystems-and-Recovery/L07a-Global-Memory-Systems.md,Cluster memory as a paging device,labs/lab-14-global-memory,Practice/Practice-L07.md,done
L07a-03,concept,4,L07a,Local and global parts of memory,slides L07a; GMS paper,Part-4-Distributed-Subsystems-and-Recovery/L07a-Global-Memory-Systems.md,Local and global parts of memory,labs/lab-14-global-memory,Practice/Practice-L07.md,done
L07a-04,concept,4,L07a,Page fault case 1: page in global cache of another node,slides L07a; GMS paper,Part-4-Distributed-Subsystems-and-Recovery/L07a-Global-Memory-Systems.md,Page fault case 1: page in global cache of another node,labs/lab-14-global-memory,Practice/Practice-L07.md,done
L07a-05,concept,4,L07a,Page fault case 2: no global part on the faulting node,slides L07a; GMS paper,Part-4-Distributed-Subsystems-and-Recovery/L07a-Global-Memory-Systems.md,Page fault case 2: no global part on the faulting node,labs/lab-14-global-memory,Practice/Practice-L07.md,done
L07a-06,concept,4,L07a,Page fault case 3: page on disk,slides L07a; GMS paper,Part-4-Distributed-Subsystems-and-Recovery/L07a-Global-Memory-Systems.md,Page fault case 3: page on disk,labs/lab-14-global-memory,Practice/Practice-L07.md,done
L07a-07,concept,4,L07a,Page fault case 4: page actively shared,slides L07a; GMS paper,Part-4-Distributed-Subsystems-and-Recovery/L07a-Global-Memory-Systems.md,Page fault case 4: page actively shared,labs/lab-14-global-memory,Practice/Practice-L07.md,done
L07a-08,concept,4,L07a,Behavior with idle nodes,slides L07a; GMS paper,Part-4-Distributed-Subsystems-and-Recovery/L07a-Global-Memory-Systems.md,Behavior with idle nodes,labs/lab-14-global-memory,Practice/Practice-L07.md,done
L07a-09,concept,4,L07a,Page age management and epochs,slides L07a; GMS paper,Part-4-Distributed-Subsystems-and-Recovery/L07a-Global-Memory-Systems.md,Page age management and epochs,labs/lab-14-global-memory,Practice/Practice-L07.md,done
L07a-10,concept,4,L07a,Initiator selection and min-weight,slides L07a; GMS paper,Part-4-Distributed-Subsystems-and-Recovery/L07a-Global-Memory-Systems.md,Initiator selection and min-weight,labs/lab-14-global-memory,Practice/Practice-L07.md,done
L07a-11,concept,4,L07a,GMS implementation in the OS,slides L07a; GMS paper,Part-4-Distributed-Subsystems-and-Recovery/L07a-Global-Memory-Systems.md,GMS implementation in the OS,labs/lab-14-global-memory,Practice/Practice-L07.md,done
L07a-12,concept,4,L07a,"Page frame directory, global cache directory, page ownership directory",slides L07a; GMS paper,Part-4-Distributed-Subsystems-and-Recovery/L07a-Global-Memory-Systems.md,"Page frame directory, global cache directory, page ownership directory",labs/lab-14-global-memory,Practice/Practice-L07.md,done
L07a-13,concept,4,L07a,Putting a page into global memory,slides L07a; GMS paper,Part-4-Distributed-Subsystems-and-Recovery/L07a-Global-Memory-Systems.md,Putting a page into global memory,labs/lab-14-global-memory,Practice/Practice-L07.md,done
L07b-01,concept,4,L07b,Cluster as a parallel machine,slides L07b; TreadMarks paper,Part-4-Distributed-Subsystems-and-Recovery/L07b-Distributed-Shared-Memory.md,Cluster as a parallel machine,labs/lab-15-dsm,Practice/Practice-L07.md,done
L07b-02,concept,4,L07b,Implicitly parallel and message-passing programs,slides L07b; TreadMarks paper,Part-4-Distributed-Subsystems-and-Recovery/L07b-Distributed-Shared-Memory.md,Implicitly parallel and message-passing programs,labs/lab-15-dsm,Practice/Practice-L07.md,done
L07b-03,concept,4,L07b,History of shared memory systems,slides L07b; TreadMarks paper,Part-4-Distributed-Subsystems-and-Recovery/L07b-Distributed-Shared-Memory.md,History of shared memory systems,labs/lab-15-dsm,Practice/Practice-L07.md,done
L07b-04,concept,4,L07b,Sequential consistency for DSM,slides L07b; TreadMarks paper,Part-4-Distributed-Subsystems-and-Recovery/L07b-Distributed-Shared-Memory.md,Sequential consistency for DSM,labs/lab-15-dsm,Practice/Practice-L07.md,done
L07b-05,concept,4,L07b,Release consistency,slides L07b; TreadMarks paper,Part-4-Distributed-Subsystems-and-Recovery/L07b-Distributed-Shared-Memory.md,Release consistency,labs/lab-15-dsm,Practice/Practice-L07.md,done
L07b-06,concept,4,L07b,Eager versus lazy release consistency,slides L07b; TreadMarks paper,Part-4-Distributed-Subsystems-and-Recovery/L07b-Distributed-Shared-Memory.md,Eager versus lazy release consistency,labs/lab-15-dsm,Practice/Practice-L07.md,done
L07b-07,concept,4,L07b,Software DSM: page granularity and address space partitioning,slides L07b; TreadMarks paper,Part-4-Distributed-Subsystems-and-Recovery/L07b-Distributed-Shared-Memory.md,Software DSM: page granularity and address space partitioning,labs/lab-15-dsm,Practice/Practice-L07.md,done
L07b-08,concept,4,L07b,Multiple-writer coherence protocol,slides L07b; TreadMarks paper,Part-4-Distributed-Subsystems-and-Recovery/L07b-Distributed-Shared-Memory.md,Multiple-writer coherence protocol,labs/lab-15-dsm,Practice/Practice-L07.md,done
L07b-09,concept,4,L07b,Twins and diffs,slides L07b; TreadMarks paper,Part-4-Distributed-Subsystems-and-Recovery/L07b-Distributed-Shared-Memory.md,Twins and diffs,labs/lab-15-dsm,Practice/Practice-L07.md,done
L07b-10,concept,4,L07b,Garbage collection of diffs,slides L07b; TreadMarks paper,Part-4-Distributed-Subsystems-and-Recovery/L07b-Distributed-Shared-Memory.md,Garbage collection of diffs,labs/lab-15-dsm,Practice/Practice-L07.md,done
L07b-11,concept,4,L07b,Non-page-based DSM: structured and object-based,slides L07b; TreadMarks paper,Part-4-Distributed-Subsystems-and-Recovery/L07b-Distributed-Shared-Memory.md,Non-page-based DSM: structured and object-based,labs/lab-15-dsm,Practice/Practice-L07.md,done
L07b-12,concept,4,L07b,DSM scalability,slides L07b; TreadMarks paper,Part-4-Distributed-Subsystems-and-Recovery/L07b-Distributed-Shared-Memory.md,DSM scalability,labs/lab-15-dsm,Practice/Practice-L07.md,done
L07c-01,concept,4,L07c,NFS and centralized server limitations,slides L07c; xFS and Coda papers,Part-4-Distributed-Subsystems-and-Recovery/L07c-Distributed-File-Systems.md,NFS and centralized server limitations,labs/lab-16-dfs,Practice/Practice-L07.md,done
L07c-02,concept,4,L07c,Distributed file servers,slides L07c; xFS and Coda papers,Part-4-Distributed-Subsystems-and-Recovery/L07c-Distributed-File-Systems.md,Distributed file servers,labs/lab-16-dfs,Practice/Practice-L07.md,done
L07c-03,concept,4,L07c,RAID and parity,slides L07c; xFS and Coda papers,Part-4-Distributed-Subsystems-and-Recovery/L07c-Distributed-File-Systems.md,RAID and parity,labs/lab-16-dfs,Practice/Practice-L07.md,done
L07c-04,concept,4,L07c,Log-structured file systems,slides L07c; xFS and Coda papers,Part-4-Distributed-Subsystems-and-Recovery/L07c-Distributed-File-Systems.md,Log-structured file systems,labs/lab-16-dfs,Practice/Practice-L07.md,done
L07c-05,concept,4,L07c,Journaling file systems,slides L07c; xFS and Coda papers,Part-4-Distributed-Subsystems-and-Recovery/L07c-Distributed-File-Systems.md,Journaling file systems,labs/lab-16-dfs,Practice/Practice-L07.md,done
L07c-06,concept,4,L07c,Software RAID and log-based striping,slides L07c; xFS and Coda papers,Part-4-Distributed-Subsystems-and-Recovery/L07c-Distributed-File-Systems.md,Software RAID and log-based striping,labs/lab-16-dfs,Practice/Practice-L07.md,done
L07c-07,concept,4,L07c,Zebra and stripe groups,slides L07c; xFS and Coda papers,Part-4-Distributed-Subsystems-and-Recovery/L07c-Distributed-File-Systems.md,Zebra and stripe groups,labs/lab-16-dfs,Practice/Practice-L07.md,done
L07c-08,concept,4,L07c,xFS dynamic management of metadata,slides L07c; xFS and Coda papers,Part-4-Distributed-Subsystems-and-Recovery/L07c-Distributed-File-Systems.md,xFS dynamic management of metadata,labs/lab-16-dfs,Practice/Practice-L07.md,done
L07c-09,concept,4,L07c,xFS cooperative client caching,slides L07c; xFS and Coda papers,Part-4-Distributed-Subsystems-and-Recovery/L07c-Distributed-File-Systems.md,xFS cooperative client caching,labs/lab-16-dfs,Practice/Practice-L07.md,done
L07c-10,concept,4,L07c,Log cleaning,slides L07c; xFS and Coda papers,Part-4-Distributed-Subsystems-and-Recovery/L07c-Distributed-File-Systems.md,Log cleaning,labs/lab-16-dfs,Practice/Practice-L07.md,done
L07c-11,concept,4,L07c,"xFS data structures: manager map, file directory, imap, stripe group map",slides L07c; xFS and Coda papers,Part-4-Distributed-Subsystems-and-Recovery/L07c-Distributed-File-Systems.md,"xFS data structures: manager map, file directory, imap, stripe group map",labs/lab-16-dfs,Practice/Practice-L07.md,done
L07c-12,concept,4,L07c,Client reads and writes in xFS,slides L07c; xFS and Coda papers,Part-4-Distributed-Subsystems-and-Recovery/L07c-Distributed-File-Systems.md,Client reads and writes in xFS,labs/lab-16-dfs,Practice/Practice-L07.md,done
L07c-13,concept,4,L07c,Coda: disconnected operation and server replication,slides L07c; xFS and Coda papers,Part-4-Distributed-Subsystems-and-Recovery/L07c-Distributed-File-Systems.md,Coda: disconnected operation and server replication,labs/lab-16-dfs,Practice/Practice-L07.md,done
L08a-01,concept,4,L08a,Persistence for OS subsystems,syllabus Lesson 8; LRVM paper,Part-4-Distributed-Subsystems-and-Recovery/L08a-Lightweight-Recoverable-Virtual-Memory.md,Persistence for OS subsystems,labs/lab-17-recoverable-memory,Practice/Practice-L08.md,done
L08a-02,concept,4,L08a,Server design for persistence,syllabus Lesson 8; LRVM paper,Part-4-Distributed-Subsystems-and-Recovery/L08a-Lightweight-Recoverable-Virtual-Memory.md,Server design for persistence,labs/lab-17-recoverable-memory,Practice/Practice-L08.md,done
L08a-03,concept,4,L08a,RVM primitives,syllabus Lesson 8; LRVM paper,Part-4-Distributed-Subsystems-and-Recovery/L08a-Lightweight-Recoverable-Virtual-Memory.md,RVM primitives,labs/lab-17-recoverable-memory,Practice/Practice-L08.md,done
L08a-04,concept,4,L08a,Transaction semantics without serialization,syllabus Lesson 8; LRVM paper,Part-4-Distributed-Subsystems-and-Recovery/L08a-Lightweight-Recoverable-Virtual-Memory.md,Transaction semantics without serialization,labs/lab-17-recoverable-memory,Practice/Practice-L08.md,done
L08a-05,concept,4,L08a,Undo records and set_range,syllabus Lesson 8; LRVM paper,Part-4-Distributed-Subsystems-and-Recovery/L08a-Lightweight-Recoverable-Virtual-Memory.md,Undo records and set_range,labs/lab-17-recoverable-memory,Practice/Practice-L08.md,done
L08a-06,concept,4,L08a,Redo logs and commit,syllabus Lesson 8; LRVM paper,Part-4-Distributed-Subsystems-and-Recovery/L08a-Lightweight-Recoverable-Virtual-Memory.md,Redo logs and commit,labs/lab-17-recoverable-memory,Practice/Practice-L08.md,done
L08a-07,concept,4,L08a,No-restore and no-flush modes,syllabus Lesson 8; LRVM paper,Part-4-Distributed-Subsystems-and-Recovery/L08a-Lightweight-Recoverable-Virtual-Memory.md,No-restore and no-flush modes,labs/lab-17-recoverable-memory,Practice/Practice-L08.md,done
L08a-08,concept,4,L08a,Log truncation,syllabus Lesson 8; LRVM paper,Part-4-Distributed-Subsystems-and-Recovery/L08a-Lightweight-Recoverable-Virtual-Memory.md,Log truncation,labs/lab-17-recoverable-memory,Practice/Practice-L08.md,done
L08a-09,concept,4,L08a,Implementation and optimizations: intra and inter transaction,syllabus Lesson 8; LRVM paper,Part-4-Distributed-Subsystems-and-Recovery/L08a-Lightweight-Recoverable-Virtual-Memory.md,Implementation and optimizations: intra and inter transaction,labs/lab-17-recoverable-memory,Practice/Practice-L08.md,done
L08b-01,concept,4,L08b,System crash versus power failure,syllabus Lesson 8; Rio Vista paper,Part-4-Distributed-Subsystems-and-Recovery/L08b-RioVista.md,System crash versus power failure,labs/lab-17-recoverable-memory,Practice/Practice-L08.md,done
L08b-02,concept,4,L08b,Rio file cache with battery-backed memory,syllabus Lesson 8; Rio Vista paper,Part-4-Distributed-Subsystems-and-Recovery/L08b-RioVista.md,Rio file cache with battery-backed memory,labs/lab-17-recoverable-memory,Practice/Practice-L08.md,done
L08b-03,concept,4,L08b,Vista recoverable memory library,syllabus Lesson 8; Rio Vista paper,Part-4-Distributed-Subsystems-and-Recovery/L08b-RioVista.md,Vista recoverable memory library,labs/lab-17-recoverable-memory,Practice/Practice-L08.md,done
L08b-04,concept,4,L08b,Eliminating redo logs and disk writes,syllabus Lesson 8; Rio Vista paper,Part-4-Distributed-Subsystems-and-Recovery/L08b-RioVista.md,Eliminating redo logs and disk writes,labs/lab-17-recoverable-memory,Practice/Practice-L08.md,done
L08b-05,concept,4,L08b,Crash recovery in RioVista,syllabus Lesson 8; Rio Vista paper,Part-4-Distributed-Subsystems-and-Recovery/L08b-RioVista.md,Crash recovery in RioVista,labs/lab-17-recoverable-memory,Practice/Practice-L08.md,done
L08b-06,concept,4,L08b,Vista simplicity and performance,syllabus Lesson 8; Rio Vista paper,Part-4-Distributed-Subsystems-and-Recovery/L08b-RioVista.md,Vista simplicity and performance,labs/lab-17-recoverable-memory,Practice/Practice-L08.md,done
L08c-01,concept,4,L08c,Recovery as a first-class OS concern,syllabus Lesson 8; Quicksilver paper; System R; OS transactions,Part-4-Distributed-Subsystems-and-Recovery/L08c-Quicksilver.md,Recovery as a first-class OS concern,labs/lab-18-transactions,Practice/Practice-L08.md,done
L08c-02,concept,4,L08c,Quicksilver system architecture and IPC,syllabus Lesson 8; Quicksilver paper; System R; OS transactions,Part-4-Distributed-Subsystems-and-Recovery/L08c-Quicksilver.md,Quicksilver system architecture and IPC,labs/lab-18-transactions,Practice/Practice-L08.md,done
L08c-03,concept,4,L08c,Transaction manager and transaction trees,syllabus Lesson 8; Quicksilver paper; System R; OS transactions,Part-4-Distributed-Subsystems-and-Recovery/L08c-Quicksilver.md,Transaction manager and transaction trees,labs/lab-18-transactions,Practice/Practice-L08.md,done
L08c-04,concept,4,L08c,Distributed transactions and the coordinator,syllabus Lesson 8; Quicksilver paper; System R; OS transactions,Part-4-Distributed-Subsystems-and-Recovery/L08c-Quicksilver.md,Distributed transactions and the coordinator,labs/lab-18-transactions,Practice/Practice-L08.md,done
L08c-05,concept,4,L08c,Commit protocols in Quicksilver,syllabus Lesson 8; Quicksilver paper; System R; OS transactions,Part-4-Distributed-Subsystems-and-Recovery/L08c-Quicksilver.md,Commit protocols in Quicksilver,labs/lab-18-transactions,Practice/Practice-L08.md,done
L08c-06,concept,4,L08c,Log maintenance and the shadow graph,syllabus Lesson 8; Quicksilver paper; System R; OS transactions,Part-4-Distributed-Subsystems-and-Recovery/L08c-Quicksilver.md,Log maintenance and the shadow graph,labs/lab-18-transactions,Practice/Practice-L08.md,done
L08c-07,concept,4,L08c,Implementation notes and performance,syllabus Lesson 8; Quicksilver paper; System R; OS transactions,Part-4-Distributed-Subsystems-and-Recovery/L08c-Quicksilver.md,Implementation notes and performance,labs/lab-18-transactions,Practice/Practice-L08.md,done
L08c-08,concept,4,L08c,System R recovery: write-ahead log and shadow pages,syllabus Lesson 8; Quicksilver paper; System R; OS transactions,Part-4-Distributed-Subsystems-and-Recovery/L08c-Quicksilver.md,System R recovery: write-ahead log and shadow pages,labs/lab-18-transactions,Practice/Practice-L08.md,done
L08c-09,concept,4,L08c,OS-level transactions (TxOS),syllabus Lesson 8; Quicksilver paper; System R; OS transactions,Part-4-Distributed-Subsystems-and-Recovery/L08c-Quicksilver.md,OS-level transactions (TxOS),labs/lab-18-transactions,Practice/Practice-L08.md,done
L08c-10,concept,4,L08c,Large-scale incremental processing (Percolator) transactions,syllabus Lesson 8; Quicksilver paper; System R; OS transactions,Part-4-Distributed-Subsystems-and-Recovery/L08c-Quicksilver.md,Large-scale incremental processing (Percolator) transactions,labs/lab-18-transactions,Practice/Practice-L08.md,done
L09a-01,concept,5,L09a,Generic service model of giant scale services,slides L09a; Brewer paper; Google cluster paper,Part-5-Internet-Scale-Real-Time-and-Security/L09a-Giant-Scale-Services.md,Generic service model of giant scale services,labs/lab-19-giant-scale,Practice/Practice-L09.md,todo
L09a-02,concept,5,L09a,Clusters as workhorses,slides L09a; Brewer paper; Google cluster paper,Part-5-Internet-Scale-Real-Time-and-Security/L09a-Giant-Scale-Services.md,Clusters as workhorses,labs/lab-19-giant-scale,Practice/Practice-L09.md,todo
L09a-03,concept,5,L09a,Load management: round-robin DNS,slides L09a; Brewer paper; Google cluster paper,Part-5-Internet-Scale-Real-Time-and-Security/L09a-Giant-Scale-Services.md,Load management: round-robin DNS,labs/lab-19-giant-scale,Practice/Practice-L09.md,todo
L09a-04,concept,5,L09a,Load management: layer 4 and layer 7 switches,slides L09a; Brewer paper; Google cluster paper,Part-5-Internet-Scale-Real-Time-and-Security/L09a-Giant-Scale-Services.md,Load management: layer 4 and layer 7 switches,labs/lab-19-giant-scale,Practice/Practice-L09.md,todo
L09a-05,concept,5,L09a,DQ principle,slides L09a; Brewer paper; Google cluster paper,Part-5-Internet-Scale-Real-Time-and-Security/L09a-Giant-Scale-Services.md,DQ principle,labs/lab-19-giant-scale,Practice/Practice-L09.md,todo
L09a-06,concept,5,L09a,"Uptime, yield, and harvest",slides L09a; Brewer paper; Google cluster paper,Part-5-Internet-Scale-Real-Time-and-Security/L09a-Giant-Scale-Services.md,"Uptime, yield, and harvest",labs/lab-19-giant-scale,Practice/Practice-L09.md,todo
L09a-07,concept,5,L09a,Replication versus partitioning,slides L09a; Brewer paper; Google cluster paper,Part-5-Internet-Scale-Real-Time-and-Security/L09a-Giant-Scale-Services.md,Replication versus partitioning,labs/lab-19-giant-scale,Practice/Practice-L09.md,todo
L09a-08,concept,5,L09a,Graceful degradation,slides L09a; Brewer paper; Google cluster paper,Part-5-Internet-Scale-Real-Time-and-Security/L09a-Giant-Scale-Services.md,Graceful degradation,labs/lab-19-giant-scale,Practice/Practice-L09.md,todo
L09a-09,concept,5,L09a,"Online evolution and growth: fast reboot, rolling upgrade, big flip",slides L09a; Brewer paper; Google cluster paper,Part-5-Internet-Scale-Real-Time-and-Security/L09a-Giant-Scale-Services.md,"Online evolution and growth: fast reboot, rolling upgrade, big flip",labs/lab-19-giant-scale,Practice/Practice-L09.md,todo
L09a-10,concept,5,L09a,Web search for a planet: cluster architecture,slides L09a; Brewer paper; Google cluster paper,Part-5-Internet-Scale-Real-Time-and-Security/L09a-Giant-Scale-Services.md,Web search for a planet: cluster architecture,labs/lab-19-giant-scale,Practice/Practice-L09.md,todo
L09b-01,concept,5,L09b,Big data applications,slides L09b; MapReduce paper,Part-5-Internet-Scale-Real-Time-and-Security/L09b-MapReduce.md,Big data applications,labs/lab-20-mapreduce,Practice/Practice-L09.md,todo
L09b-02,concept,5,L09b,MapReduce programming model,slides L09b; MapReduce paper,Part-5-Internet-Scale-Real-Time-and-Security/L09b-MapReduce.md,MapReduce programming model,labs/lab-20-mapreduce,Practice/Practice-L09.md,todo
L09b-03,concept,5,L09b,Map and reduce functions with an example,slides L09b; MapReduce paper,Part-5-Internet-Scale-Real-Time-and-Security/L09b-MapReduce.md,Map and reduce functions with an example,labs/lab-20-mapreduce,Practice/Practice-L09.md,todo
L09b-04,concept,5,L09b,Execution overview and heavy lifting by the runtime,slides L09b; MapReduce paper,Part-5-Internet-Scale-Real-Time-and-Security/L09b-MapReduce.md,Execution overview and heavy lifting by the runtime,labs/lab-20-mapreduce,Practice/Practice-L09.md,todo
L09b-05,concept,5,L09b,Master data structures,slides L09b; MapReduce paper,Part-5-Internet-Scale-Real-Time-and-Security/L09b-MapReduce.md,Master data structures,labs/lab-20-mapreduce,Practice/Practice-L09.md,todo
L09b-06,concept,5,L09b,Fault tolerance and re-execution,slides L09b; MapReduce paper,Part-5-Internet-Scale-Real-Time-and-Security/L09b-MapReduce.md,Fault tolerance and re-execution,labs/lab-20-mapreduce,Practice/Practice-L09.md,todo
L09b-07,concept,5,L09b,Locality and task granularity,slides L09b; MapReduce paper,Part-5-Internet-Scale-Real-Time-and-Security/L09b-MapReduce.md,Locality and task granularity,labs/lab-20-mapreduce,Practice/Practice-L09.md,todo
L09b-08,concept,5,L09b,Stragglers and backup tasks,slides L09b; MapReduce paper,Part-5-Internet-Scale-Real-Time-and-Security/L09b-MapReduce.md,Stragglers and backup tasks,labs/lab-20-mapreduce,Practice/Practice-L09.md,todo
L09b-09,concept,5,L09b,"Partitioning, combiners, and ordering guarantees",slides L09b; MapReduce paper,Part-5-Internet-Scale-Real-Time-and-Security/L09b-MapReduce.md,"Partitioning, combiners, and ordering guarantees",labs/lab-20-mapreduce,Practice/Practice-L09.md,todo
L09c-01,concept,5,L09c,Distributed hash tables,slides L09c; Coral and Dynamo papers,Part-5-Internet-Scale-Real-Time-and-Security/L09c-Content-Delivery-Networks.md,Distributed hash tables,labs/lab-21-dht,Practice/Practice-L09.md,todo
L09c-02,concept,5,L09c,DHT details: key and node id space,slides L09c; Coral and Dynamo papers,Part-5-Internet-Scale-Real-Time-and-Security/L09c-Content-Delivery-Networks.md,DHT details: key and node id space,labs/lab-21-dht,Practice/Practice-L09.md,todo
L09c-03,concept,5,L09c,CDN as an overlay network,slides L09c; Coral and Dynamo papers,Part-5-Internet-Scale-Real-Time-and-Security/L09c-Content-Delivery-Networks.md,CDN as an overlay network,labs/lab-21-dht,Practice/Practice-L09.md,todo
L09c-04,concept,5,L09c,Traditional greedy key-based routing,slides L09c; Coral and Dynamo papers,Part-5-Internet-Scale-Real-Time-and-Security/L09c-Content-Delivery-Networks.md,Traditional greedy key-based routing,labs/lab-21-dht,Practice/Practice-L09.md,todo
L09c-05,concept,5,L09c,Tree saturation and the metadata server overload problem,slides L09c; Coral and Dynamo papers,Part-5-Internet-Scale-Real-Time-and-Security/L09c-Content-Delivery-Networks.md,Tree saturation and the metadata server overload problem,labs/lab-21-dht,Practice/Practice-L09.md,todo
L09c-06,concept,5,L09c,Coral sloppy DHT,slides L09c; Coral and Dynamo papers,Part-5-Internet-Scale-Real-Time-and-Security/L09c-Content-Delivery-Networks.md,Coral sloppy DHT,labs/lab-21-dht,Practice/Practice-L09.md,todo
L09c-07,concept,5,L09c,Coral key-based routing with distance halving,slides L09c; Coral and Dynamo papers,Part-5-Internet-Scale-Real-Time-and-Security/L09c-Content-Delivery-Networks.md,Coral key-based routing with distance halving,labs/lab-21-dht,Practice/Practice-L09.md,todo
L09c-08,concept,5,L09c,Coral put and get,slides L09c; Coral and Dynamo papers,Part-5-Internet-Scale-Real-Time-and-Security/L09c-Content-Delivery-Networks.md,Coral put and get,labs/lab-21-dht,Practice/Practice-L09.md,todo
L09c-09,concept,5,L09c,Dynamo: consistent hashing with virtual nodes,slides L09c; Coral and Dynamo papers,Part-5-Internet-Scale-Real-Time-and-Security/L09c-Content-Delivery-Networks.md,Dynamo: consistent hashing with virtual nodes,labs/lab-21-dht,Practice/Practice-L09.md,todo
L09c-10,concept,5,L09c,"Dynamo: quorums, vector clocks, and hinted handoff",slides L09c; Coral and Dynamo papers,Part-5-Internet-Scale-Real-Time-and-Security/L09c-Content-Delivery-Networks.md,"Dynamo: quorums, vector clocks, and hinted handoff",labs/lab-21-dht,Practice/Practice-L09.md,todo
L10a-01,concept,5,L10a,Time-sensitive versus throughput-oriented applications,syllabus Lesson 10; time-sensitive Linux paper,Part-5-Internet-Scale-Real-Time-and-Security/L10a-TS-Linux.md,Time-sensitive versus throughput-oriented applications,labs/lab-22-realtime,Practice/Practice-L10.md,todo
L10a-02,concept,5,L10a,"Sources of latency: timer, preemption, scheduler",syllabus Lesson 10; time-sensitive Linux paper,Part-5-Internet-Scale-Real-Time-and-Security/L10a-TS-Linux.md,"Sources of latency: timer, preemption, scheduler",labs/lab-22-realtime,Practice/Practice-L10.md,todo
L10a-03,concept,5,L10a,"Periodic timers, one-shot timers, and soft timers",syllabus Lesson 10; time-sensitive Linux paper,Part-5-Internet-Scale-Real-Time-and-Security/L10a-TS-Linux.md,"Periodic timers, one-shot timers, and soft timers",labs/lab-22-realtime,Practice/Practice-L10.md,todo
L10a-04,concept,5,L10a,Firm timers and overshoot,syllabus Lesson 10; time-sensitive Linux paper,Part-5-Internet-Scale-Real-Time-and-Security/L10a-TS-Linux.md,Firm timers and overshoot,labs/lab-22-realtime,Practice/Practice-L10.md,todo
L10a-05,concept,5,L10a,Reducing kernel preemption latency,syllabus Lesson 10; time-sensitive Linux paper,Part-5-Internet-Scale-Real-Time-and-Security/L10a-TS-Linux.md,Reducing kernel preemption latency,labs/lab-22-realtime,Practice/Practice-L10.md,todo
L10a-06,concept,5,L10a,Proportional period scheduling,syllabus Lesson 10; time-sensitive Linux paper,Part-5-Internet-Scale-Real-Time-and-Security/L10a-TS-Linux.md,Proportional period scheduling,labs/lab-22-realtime,Practice/Practice-L10.md,todo
L10a-07,concept,5,L10a,Priority-based scheduling and priority inversion,syllabus Lesson 10; time-sensitive Linux paper,Part-5-Internet-Scale-Real-Time-and-Security/L10a-TS-Linux.md,Priority-based scheduling and priority inversion,labs/lab-22-realtime,Practice/Practice-L10.md,todo
L10a-08,concept,5,L10a,Supporting time-sensitive tasks alongside throughput tasks,syllabus Lesson 10; time-sensitive Linux paper,Part-5-Internet-Scale-Real-Time-and-Security/L10a-TS-Linux.md,Supporting time-sensitive tasks alongside throughput tasks,labs/lab-22-realtime,Practice/Practice-L10.md,todo
L10a-09,concept,5,L10a,Virtualize everything but time: clock synchronization in VMs,syllabus Lesson 10; time-sensitive Linux paper,Part-5-Internet-Scale-Real-Time-and-Security/L10a-TS-Linux.md,Virtualize everything but time: clock synchronization in VMs,labs/lab-22-realtime,Practice/Practice-L10.md,todo
L10b-01,concept,5,L10b,Situation awareness applications,syllabus Lesson 10; PTS paper; Yima,Part-5-Internet-Scale-Real-Time-and-Security/L10b-Persistent-Temporal-Streams.md,Situation awareness applications,labs/lab-23-temporal-streams,Practice/Practice-L10.md,todo
L10b-02,concept,5,L10b,Programming model challenges for live streams,syllabus Lesson 10; PTS paper; Yima,Part-5-Internet-Scale-Real-Time-and-Security/L10b-Persistent-Temporal-Streams.md,Programming model challenges for live streams,labs/lab-23-temporal-streams,Practice/Practice-L10.md,todo
L10b-03,concept,5,L10b,PTS programming model: channels and time-indexed items,syllabus Lesson 10; PTS paper; Yima,Part-5-Internet-Scale-Real-Time-and-Security/L10b-Persistent-Temporal-Streams.md,PTS programming model: channels and time-indexed items,labs/lab-23-temporal-streams,Practice/Practice-L10.md,todo
L10b-04,concept,5,L10b,Time-based get and put,syllabus Lesson 10; PTS paper; Yima,Part-5-Internet-Scale-Real-Time-and-Security/L10b-Persistent-Temporal-Streams.md,Time-based get and put,labs/lab-23-temporal-streams,Practice/Practice-L10.md,todo
L10b-05,concept,5,L10b,Persistence and garbage collection,syllabus Lesson 10; PTS paper; Yima,Part-5-Internet-Scale-Real-Time-and-Security/L10b-Persistent-Temporal-Streams.md,Persistence and garbage collection,labs/lab-23-temporal-streams,Practice/Practice-L10.md,todo
L10b-06,concept,5,L10b,Bundling streams and temporal correlation,syllabus Lesson 10; PTS paper; Yima,Part-5-Internet-Scale-Real-Time-and-Security/L10b-Persistent-Temporal-Streams.md,Bundling streams and temporal correlation,labs/lab-23-temporal-streams,Practice/Practice-L10.md,todo
L10b-07,concept,5,L10b,Continuous media servers (Yima),syllabus Lesson 10; PTS paper; Yima,Part-5-Internet-Scale-Real-Time-and-Security/L10b-Persistent-Temporal-Streams.md,Continuous media servers (Yima),labs/lab-23-temporal-streams,Practice/Practice-L10.md,todo
L11a-01,concept,5,L11a,"Privacy, security, and protection terminology",syllabus Lesson 11; Saltzer and Schroeder,Part-5-Internet-Scale-Real-Time-and-Security/L11a-Principles-of-Information-Security.md,"Privacy, security, and protection terminology",labs/lab-24-security,Practice/Practice-L11.md,todo
L11a-02,concept,5,L11a,"Security concerns: unauthorized release, modification, denial of use",syllabus Lesson 11; Saltzer and Schroeder,Part-5-Internet-Scale-Real-Time-and-Security/L11a-Principles-of-Information-Security.md,"Security concerns: unauthorized release, modification, denial of use",labs/lab-24-security,Practice/Practice-L11.md,todo
L11a-03,concept,5,L11a,Levels of protection,syllabus Lesson 11; Saltzer and Schroeder,Part-5-Internet-Scale-Real-Time-and-Security/L11a-Principles-of-Information-Security.md,Levels of protection,labs/lab-24-security,Practice/Practice-L11.md,todo
L11a-04,concept,5,L11a,Design principles: economy of mechanism,syllabus Lesson 11; Saltzer and Schroeder,Part-5-Internet-Scale-Real-Time-and-Security/L11a-Principles-of-Information-Security.md,Design principles: economy of mechanism,labs/lab-24-security,Practice/Practice-L11.md,todo
L11a-05,concept,5,L11a,Design principles: fail-safe defaults,syllabus Lesson 11; Saltzer and Schroeder,Part-5-Internet-Scale-Real-Time-and-Security/L11a-Principles-of-Information-Security.md,Design principles: fail-safe defaults,labs/lab-24-security,Practice/Practice-L11.md,todo
L11a-06,concept,5,L11a,Design principles: complete mediation,syllabus Lesson 11; Saltzer and Schroeder,Part-5-Internet-Scale-Real-Time-and-Security/L11a-Principles-of-Information-Security.md,Design principles: complete mediation,labs/lab-24-security,Practice/Practice-L11.md,todo
L11a-07,concept,5,L11a,Design principles: open design,syllabus Lesson 11; Saltzer and Schroeder,Part-5-Internet-Scale-Real-Time-and-Security/L11a-Principles-of-Information-Security.md,Design principles: open design,labs/lab-24-security,Practice/Practice-L11.md,todo
L11a-08,concept,5,L11a,Design principles: separation of privilege,syllabus Lesson 11; Saltzer and Schroeder,Part-5-Internet-Scale-Real-Time-and-Security/L11a-Principles-of-Information-Security.md,Design principles: separation of privilege,labs/lab-24-security,Practice/Practice-L11.md,todo
L11a-09,concept,5,L11a,Design principles: least privilege,syllabus Lesson 11; Saltzer and Schroeder,Part-5-Internet-Scale-Real-Time-and-Security/L11a-Principles-of-Information-Security.md,Design principles: least privilege,labs/lab-24-security,Practice/Practice-L11.md,todo
L11a-10,concept,5,L11a,Design principles: least common mechanism,syllabus Lesson 11; Saltzer and Schroeder,Part-5-Internet-Scale-Real-Time-and-Security/L11a-Principles-of-Information-Security.md,Design principles: least common mechanism,labs/lab-24-security,Practice/Practice-L11.md,todo
L11a-11,concept,5,L11a,Design principles: psychological acceptability,syllabus Lesson 11; Saltzer and Schroeder,Part-5-Internet-Scale-Real-Time-and-Security/L11a-Principles-of-Information-Security.md,Design principles: psychological acceptability,labs/lab-24-security,Practice/Practice-L11.md,todo
L11a-12,concept,5,L11a,Work factor and compromise recording,syllabus Lesson 11; Saltzer and Schroeder,Part-5-Internet-Scale-Real-Time-and-Security/L11a-Principles-of-Information-Security.md,Work factor and compromise recording,labs/lab-24-security,Practice/Practice-L11.md,todo
L11a-13,concept,5,L11a,"Authentication, authorization, and capabilities versus access control lists",syllabus Lesson 11; Saltzer and Schroeder,Part-5-Internet-Scale-Real-Time-and-Security/L11a-Principles-of-Information-Security.md,"Authentication, authorization, and capabilities versus access control lists",labs/lab-24-security,Practice/Practice-L11.md,todo
L11b-01,concept,5,L11b,Andrew architecture: Vice and Virtue,syllabus Lesson 11; AFS security paper,Part-5-Internet-Scale-Real-Time-and-Security/L11b-Security-in-the-Andrew-System.md,Andrew architecture: Vice and Virtue,labs/lab-24-security,Practice/Practice-L11.md,todo
L11b-02,concept,5,L11b,Security challenges in a distributed file system,syllabus Lesson 11; AFS security paper,Part-5-Internet-Scale-Real-Time-and-Security/L11b-Security-in-the-Andrew-System.md,Security challenges in a distributed file system,labs/lab-24-security,Practice/Practice-L11.md,todo
L11b-03,concept,5,L11b,Private-key encryption for communication,syllabus Lesson 11; AFS security paper,Part-5-Internet-Scale-Real-Time-and-Security/L11b-Security-in-the-Andrew-System.md,Private-key encryption for communication,labs/lab-24-security,Practice/Practice-L11.md,todo
L11b-04,concept,5,L11b,Secret tokens and clear tokens,syllabus Lesson 11; AFS security paper,Part-5-Internet-Scale-Real-Time-and-Security/L11b-Security-in-the-Andrew-System.md,Secret tokens and clear tokens,labs/lab-24-security,Practice/Practice-L11.md,todo
L11b-05,concept,5,L11b,Login process and the authentication server,syllabus Lesson 11; AFS security paper,Part-5-Internet-Scale-Real-Time-and-Security/L11b-Security-in-the-Andrew-System.md,Login process and the authentication server,labs/lab-24-security,Practice/Practice-L11.md,todo
L11b-06,concept,5,L11b,RPC session establishment and mutual authentication,syllabus Lesson 11; AFS security paper,Part-5-Internet-Scale-Real-Time-and-Security/L11b-Security-in-the-Andrew-System.md,RPC session establishment and mutual authentication,labs/lab-24-security,Practice/Practice-L11.md,todo
L11b-07,concept,5,L11b,Nonces and replay prevention,syllabus Lesson 11; AFS security paper,Part-5-Internet-Scale-Real-Time-and-Security/L11b-Security-in-the-Andrew-System.md,Nonces and replay prevention,labs/lab-24-security,Practice/Practice-L11.md,todo
L11b-08,concept,5,L11b,Session keys and bind,syllabus Lesson 11; AFS security paper,Part-5-Internet-Scale-Real-Time-and-Security/L11b-Security-in-the-Andrew-System.md,Session keys and bind,labs/lab-24-security,Practice/Practice-L11.md,todo
L11b-09,concept,5,L11b,Protection domain: users and groups,syllabus Lesson 11; AFS security paper,Part-5-Internet-Scale-Real-Time-and-Security/L11b-Security-in-the-Andrew-System.md,Protection domain: users and groups,labs/lab-24-security,Practice/Practice-L11.md,todo
L11b-10,concept,5,L11b,Access control lists with negative rights,syllabus Lesson 11; AFS security paper,Part-5-Internet-Scale-Real-Time-and-Security/L11b-Security-in-the-Andrew-System.md,Access control lists with negative rights,labs/lab-24-security,Practice/Practice-L11.md,todo
L11b-11,concept,5,L11b,Defensive design and its limits,syllabus Lesson 11; AFS security paper,Part-5-Internet-Scale-Real-Time-and-Security/L11b-Security-in-the-Andrew-System.md,Defensive design and its limits,labs/lab-24-security,Practice/Practice-L11.md,todo
P-SPIN,paper,,L02,"Extensibility, Safety and Performance in the SPIN Operating System (SOSP 1995; required)",https://doi.org/10.1145/224056.224077,Papers/L02-SPIN.md,Key idea,,Practice/Practice-L02.md,done
P-Exokernel,paper,,L02,Exokernel: An Operating System Architecture for Application-Level Resource Management (SOSP 1995; required),https://doi.org/10.1145/224056.224076,Papers/L02-Exokernel.md,Key idea,,Practice/Practice-L02.md,done
P-On-Microkernel-Construction,paper,,L02,On Micro-Kernel Construction (SOSP 1995; required),https://doi.org/10.1145/224056.224075,Papers/L02-On-Microkernel-Construction.md,Key idea,,Practice/Practice-L02.md,done
P-Improved-Address-Space-Switching,paper,,L02,"Improved Address-Space Switching on Pentium Processors by Transparently Multiplexing User Address Spaces (GMD TR 933, 1995; self-study)",,Papers/L02-Improved-Address-Space-Switching.md,Key idea,,Practice/Practice-L02.md,done
P-Xen,paper,,L03,Xen and the Art of Virtualization (SOSP 2003; required),https://doi.org/10.1145/945445.945462,Papers/L03-Xen.md,Key idea,,Practice/Practice-L03.md,done
P-VMware-ESX-Memory,paper,,L03,Memory Resource Management in VMware ESX Server (OSDI 2002; required),https://www.usenix.org/legacy/event/osdi02/tech/waldspurger.html,Papers/L03-VMware-ESX-Memory.md,Key idea,,Practice/Practice-L03.md,done
P-MCS-Scalable-Synchronization,paper,,L04,Algorithms for Scalable Synchronization on Shared-Memory Multiprocessors (TOCS 1991; required),https://doi.org/10.1145/103727.103729,Papers/L04-MCS-Scalable-Synchronization.md,Key idea,,Practice/Practice-L04.md,done
P-LRPC,paper,,L04,Lightweight Remote Procedure Call (TOCS 1990; required),https://doi.org/10.1145/77648.77650,Papers/L04-LRPC.md,Key idea,,Practice/Practice-L04.md,done
P-Cache-Affinity-Scheduling,paper,,L04,Using Processor-Cache Affinity Information in Shared Memory Multiprocessor Scheduling (IEEE TPDS 1993; partial),https://doi.org/10.1109/71.207589,Papers/L04-Cache-Affinity-Scheduling.md,Key idea,,Practice/Practice-L04.md,done
P-Multithreaded-Chip-Multiprocessors,paper,,L04,Performance of Multithreaded Chip Multiprocessors and Implications for Operating System Design (USENIX ATC 2005; required),https://www.usenix.org/conference/2005-usenix-annual-technical-conference/performance-multithreaded-chip-multiprocessors-and,Papers/L04-Multithreaded-Chip-Multiprocessors.md,Key idea,,Practice/Practice-L04.md,done
P-Tornado,paper,,L04,Tornado: Maximizing Locality and Concurrency in a Shared Memory Multiprocessor Operating System (OSDI 1999; required),https://www.usenix.org/conference/osdi-99/tornado-maximizing-locality-and-concurrency-shared-memory-multiprocessor-operating,Papers/L04-Tornado.md,Key idea,,Practice/Practice-L04.md,done
P-Corey,paper,,L04,Corey: An Operating System for Many Cores (OSDI 2008; partial),https://www.usenix.org/conference/osdi-08/corey-operating-system-many-cores,Papers/L04-Corey.md,Key idea,,Practice/Practice-L04.md,done
P-Cellular-Disco,paper,,L04,Cellular Disco: Resource Management Using Virtual Clusters on Shared-Memory Multiprocessors (SOSP 1999; partial),https://doi.org/10.1145/319151.319162,Papers/L04-Cellular-Disco.md,Key idea,,Practice/Practice-L04.md,done
P-Time-Clocks-Ordering,paper,,L05,"Time, Clocks, and the Ordering of Events in a Distributed System (CACM 1978; required)",https://doi.org/10.1145/359545.359563,Papers/L05-Time-Clocks-Ordering.md,Key idea,,Practice/Practice-L05.md,done
P-Limits-Low-Latency,paper,,L05,Limits to Low-Latency Communication on High-Speed Networks (TOCS 1993; required),https://doi.org/10.1145/151244.151247,Papers/L05-Limits-Low-Latency.md,Key idea,,Practice/Practice-L05.md,done
P-x-Kernel,paper,,L05,The x-Kernel: An Architecture for Implementing Network Protocols (IEEE TSE 1991; required),https://doi.org/10.1109/32.67579,Papers/L05-x-Kernel.md,Key idea,,Practice/Practice-L05.md,done
P-Active-Networks-ANTS,paper,,L05,Active Networks: Vision and Reality: Lessons from a Capsule-based System (SOSP 1999; required),https://doi.org/10.1145/319151.319156,Papers/L05-Active-Networks-ANTS.md,Key idea,,Practice/Practice-L05.md,done
P-Ensemble-Systems-from-Components,paper,,L05,"Building Reliable, High-Performance Communication Systems from Components (SOSP 1999; required)",https://doi.org/10.1145/319151.319157,Papers/L05-Ensemble-Systems-from-Components.md,Key idea,,Practice/Practice-L05.md,done
P-Firefly-RPC,paper,,L05,Performance of the Firefly RPC (SOSP 1989; partial),https://doi.org/10.1145/74850.74859,Papers/L05-Firefly-RPC.md,Key idea,,Practice/Practice-L05.md,done
P-Spring-Overview,paper,,L06,An Overview of the Spring System (Compcon 1994; required),https://doi.org/10.1109/CMPCON.1994.282935,Papers/L06-Spring-Overview.md,Key idea,,Practice/Practice-L06.md,done
P-Subcontract,paper,,L06,Subcontract: A Flexible Base for Distributed Programming (SOSP 1993; required),https://doi.org/10.1145/168619.168625,Papers/L06-Subcontract.md,Key idea,,Practice/Practice-L06.md,done
P-Java-Distributed-Object-Model,paper,,L06,A Distributed Object Model for the Java System (USENIX COOTS 1996; required),https://www.usenix.org/legacy/publications/library/proceedings/coots96/wollrath.html,Papers/L06-Java-Distributed-Object-Model.md,Key idea,,Practice/Practice-L06.md,done
P-EJB-Performance,paper,,L06,Performance and Scalability of EJB Applications (OOPSLA 2002; required),https://doi.org/10.1145/582419.582443,Papers/L06-EJB-Performance.md,Key idea,,Practice/Practice-L06.md,done
P-GMS,paper,,L07,Implementing Global Memory Management in a Workstation Cluster (SOSP 1995; required),https://doi.org/10.1145/224056.224072,Papers/L07-GMS.md,Key idea,,Practice/Practice-L07.md,done
P-TreadMarks,paper,,L07,TreadMarks: Shared Memory Computing on Networks of Workstations (IEEE Computer 1996; required),https://doi.org/10.1109/2.485843,Papers/L07-TreadMarks.md,Key idea,,Practice/Practice-L07.md,done
P-xFS-Serverless-NFS,paper,,L07,Serverless Network File Systems (TOCS 1996; required),https://doi.org/10.1145/225535.225537,Papers/L07-xFS-Serverless-NFS.md,Key idea,,Practice/Practice-L07.md,done
P-Coda,paper,,L07,Coda: A Highly Available File System for a Distributed Workstation Environment (IEEE Trans. Computers 1990; partial),https://doi.org/10.1109/12.54838,Papers/L07-Coda.md,Key idea,,Practice/Practice-L07.md,done
P-LRVM,paper,,L08,Lightweight Recoverable Virtual Memory (SOSP 1993; required),https://doi.org/10.1145/168619.168631,Papers/L08-LRVM.md,Key idea,,Practice/Practice-L08.md,done
P-Rio-Vista,paper,,L08,Free Transactions with Rio Vista (SOSP 1997; required),https://doi.org/10.1145/268998.266665,Papers/L08-Rio-Vista.md,Key idea,,Practice/Practice-L08.md,done
P-Quicksilver,paper,,L08,Recovery Management in QuickSilver (TOCS 1988; required),https://doi.org/10.1145/35037.35060,Papers/L08-Quicksilver.md,Key idea,,Practice/Practice-L08.md,done
P-System-R-Recovery-Manager,paper,,L08,The Recovery Manager of the System R Database Manager (ACM Computing Surveys 1981; self-study),https://doi.org/10.1145/356842.356847,Papers/L08-System-R-Recovery-Manager.md,Key idea,,Practice/Practice-L08.md,done
P-OS-Transactions,paper,,L08,Operating System Transactions (SOSP 2009; partial),https://doi.org/10.1145/1629575.1629591,Papers/L08-OS-Transactions.md,Key idea,,Practice/Practice-L08.md,done
P-Percolator,paper,,L08,Large-scale Incremental Processing Using Distributed Transactions and Notifications (OSDI 2010; partial),https://www.usenix.org/conference/osdi10/large-scale-incremental-processing-using-distributed-transactions-and,Papers/L08-Percolator.md,Key idea,,Practice/Practice-L08.md,done
P-MapReduce,paper,,L09,MapReduce: Simplified Data Processing on Large Clusters (OSDI 2004; required),https://www.usenix.org/conference/osdi-04/mapreduce-simplified-data-processing-large-clusters,Papers/L09-MapReduce.md,Key idea,,Practice/Practice-L09.md,todo
P-Giant-Scale-Services,paper,,L09,Lessons from Giant-Scale Services (IEEE Internet Computing 2001; partial),https://doi.org/10.1109/4236.939450,Papers/L09-Giant-Scale-Services.md,Key idea,,Practice/Practice-L09.md,todo
P-Web-Search-for-a-Planet,paper,,L09,Web Search for a Planet: The Google Cluster Architecture (IEEE Micro 2003; partial),https://doi.org/10.1109/MM.2003.1196112,Papers/L09-Web-Search-for-a-Planet.md,Key idea,,Practice/Practice-L09.md,todo
P-Coral,paper,,L09,Democratizing Content Publication with Coral (NSDI 2004; required),https://www.usenix.org/conference/nsdi-04/democratizing-content-publication-coral,Papers/L09-Coral.md,Key idea,,Practice/Practice-L09.md,todo
P-Dynamo,paper,,L09,Dynamo: Amazon's Highly Available Key-value Store (SOSP 2007; required),https://doi.org/10.1145/1294261.1294281,Papers/L09-Dynamo.md,Key idea,,Practice/Practice-L09.md,todo
P-Web-Services-SOAP-WSDL-UDDI,paper,,L09,"Unraveling the Web Services Web: An Introduction to SOAP, WSDL, and UDDI (IEEE Internet Computing 2002; self-study)",https://doi.org/10.1109/4236.991449,Papers/L09-Web-Services-SOAP-WSDL-UDDI.md,Key idea,,Practice/Practice-L09.md,todo
P-Next-Step-in-Web-Services,paper,,L09,The Next Step in Web Services (CACM 2003; self-study),https://doi.org/10.1145/944217.944234,Papers/L09-Next-Step-in-Web-Services.md,Key idea,,Practice/Practice-L09.md,todo
P-Time-Sensitive-Commodity-OS,paper,,L10,Supporting Time-Sensitive Applications on a Commodity OS (OSDI 2002; required),https://www.usenix.org/conference/osdi-02/supporting-time-sensitive-applications-commodity-os,Papers/L10-Time-Sensitive-Commodity-OS.md,Key idea,,Practice/Practice-L10.md,todo
P-Virtualize-Everything-but-Time,paper,,L10,Virtualize Everything but Time (OSDI 2010; required),https://www.usenix.org/conference/osdi10/virtualize-everything-time,Papers/L10-Virtualize-Everything-but-Time.md,Key idea,,Practice/Practice-L10.md,todo
P-Persistent-Temporal-Streams,paper,,L10,Persistent Temporal Streams (Middleware 2009; required),https://doi.org/10.1007/978-3-642-10445-9_17,Papers/L10-Persistent-Temporal-Streams.md,Key idea,,Practice/Practice-L10.md,todo
P-Yima,paper,,L10,Yima: A Second-Generation Continuous Media Server (IEEE Computer 2002; required),https://doi.org/10.1109/MC.2002.1009169,Papers/L10-Yima.md,Key idea,,Practice/Practice-L10.md,todo
P-Protection-Control-of-Information,paper,,L11,The Protection of Information in Computer Systems (Proceedings of the IEEE 1975; required),https://doi.org/10.1109/PROC.1975.9939,Papers/L11-Protection-Control-of-Information.md,Key idea,,Practice/Practice-L11.md,todo
P-Andrew-Security,paper,,L11,Integrating Security in a Large Distributed System (TOCS 1989; required),https://doi.org/10.1145/65000.65002,Papers/L11-Andrew-Security.md,Key idea,,Practice/Practice-L11.md,todo
P-HYDRA-Protection,paper,,optional,Protection in the HYDRA Operating System (SOSP 1975; optional),https://doi.org/10.1145/800213.806532,Papers/Optional-HYDRA-Protection.md,Key idea,,,done
P-KSR-1-Scalability,paper,,optional,Scalability Study of the KSR-1 (Parallel Computing 1996; optional),https://doi.org/10.1016/0167-8191(96)00021-X,Papers/Optional-KSR-1-Scalability.md,Key idea,,,done
P-Multikernel,paper,,optional,The Multikernel: A New OS Architecture for Scalable Multicore Systems (SOSP 2009; optional),https://doi.org/10.1145/1629575.1629579,Papers/Optional-Multikernel.md,Key idea,,,done
P-Virtual-Power,paper,,optional,VirtualPower: Coordinated Power Management in Virtualized Enterprise Systems (SOSP 2007; optional),https://doi.org/10.1145/1294261.1294287,Papers/Optional-Virtual-Power.md,Key idea,,,done
P-MashupOS,paper,,optional,Protection and Communication Abstractions for Web Browsers in MashupOS (SOSP 2007; optional),https://doi.org/10.1145/1294261.1294263,Papers/Optional-MashupOS.md,Key idea,,,done
P-Illinois-Browser-OS,paper,,optional,Trust and Protection in the Illinois Browser Operating System (OSDI 2010; optional),https://www.usenix.org/conference/osdi10/trust-and-protection-illinois-browser-operating-system,Papers/Optional-Illinois-Browser-OS.md,Key idea,,,done
P-Cluster-Based-Network-Services,paper,,optional,Cluster-Based Scalable Network Services (SOSP 1997; optional),https://doi.org/10.1145/268998.266662,Papers/Optional-Cluster-Based-Network-Services.md,Key idea,,,done
P-Porcupine,paper,,optional,"Manageability, Availability, and Performance in Porcupine: A Highly Scalable, Cluster-based Mail Service (SOSP 1999; optional)",https://doi.org/10.1145/319151.319152,Papers/Optional-Porcupine.md,Key idea,,,done
P-LATE-MapReduce-Heterogeneous,paper,,optional,Improving MapReduce Performance in Heterogeneous Environments (OSDI 2008; optional),https://www.usenix.org/conference/osdi-08/improving-mapreduce-performance-heterogeneous-environments,Papers/Optional-LATE-MapReduce-Heterogeneous.md,Key idea,,,done
P-Mach,paper,,optional,Mach: A New Kernel Foundation for UNIX Development (USENIX Summer 1986; optional),,Papers/Optional-Mach.md,Key idea,,,done
P-Haystack,paper,,optional,Finding a Needle in Haystack: Facebook's Photo Storage (OSDI 2010; optional),https://www.usenix.org/conference/osdi10/finding-needle-haystack-facebooks-photo-storage,Papers/Optional-Haystack.md,Key idea,,,done
